antibody,date_analyzed,region,dissoc,fluo,culture_start,batch,mfi,per_pos_py,3sd_per_pos,26sd_per_pos,per_pos_manual,10sd_per_pos,15sd_per_pos,20sd_per_pos,30sd_per_pos,10sd_mfi,3sd_mfi,3sd_mfi_norm,mfi_norm,mfi_norm_boxcox,mfi_norm_log10
ALCAM,2020-06-17,cVM,tryp,pe,2020-05-13,2,2080.7,94.57,96.93,69.92,76.234,88.59,82.19,76.48,65.21,2724.13,2142.52,2142.52,2080.7,18.049081989938344,3.3182094671713807
ALCAM,2020-06-17,dFB,tryp,pe,2020-05-13,2,540.88,82.96,91.66,9.31,19.806,56.84,34.65,19.44,5.38,1281.0,578.07,1.659382619496711,7.809120521172639,2.7260322152920224,0.8926021255150709
APCDD1,2020-06-17,dFB,tryp,pe,2020-05-13,2,254.42,31.55,52.71,1.97,3.327,10.24,4.99,3.1,1.54,1992.94,377.05,0.7345999907990983,3.143648208469055,1.644259404085286,0.49743394014444575
CNTN2,2020-06-17,dFB,tryp,pe,2020-05-13,2,1407.34,80.32,84.52,37.86,47.206,68.18,56.72,47.17,33.6,2971.17,1661.11,6.641854901780373,21.920846905537456,4.354404302310143,1.3408573289773167
CORIN,2020-06-17,dFB,tryp,pe,2020-05-13,2,74.13,1.65,7.21,0.0,0.0,0.06,0.0,0.0,0.0,,223.25,0.02705065096379443,0.207328990228013,0.19200533600503125,-0.6833399674875124
unstained,2020-06-17,dFB,tryp,pe,2020-05-13,2,61.4,0.09,0.4,0.0,0.0,0.0,0.0,0.0,0.0,,217.37,0.0,0.0,0.0,-inf
ALCAM,2020-06-17,vFB,tryp,pe,2020-05-13,2,334.61,56.74,74.35,1.19,4.048,23.78,9.23,3.5,0.58,2197.97,406.48,0.7939008782382276,4.604857621440536,2.0580205953365076,0.6632162066982012
APCDD1,2020-06-17,vFB,tryp,pe,2020-05-13,2,112.8,5.27,14.37,0.02,0.029,0.6,0.09,0.03,0.02,1255.79,249.63,0.1016814510790414,0.8894472361809044,0.678543513476555,-0.05087981004790009
CNTN2,2020-06-17,vFB,tryp,pe,2020-05-13,2,678.5,66.87,74.35,15.91,24.123,48.52,34.42,24.1,12.17,2307.45,902.98,2.985083189902467,10.365159128978224,3.129898218318813,1.0155759738979608
CORIN,2020-06-17,vFB,tryp,pe,2020-05-13,2,78.55,2.23,8.18,0.0,0.025,0.08,0.03,0.03,0.0,,228.73,0.009444370890153962,0.3157453936348408,0.28207272001183203,-0.5006629765875575
unstained,2020-06-17,vFB,tryp,pe,2020-05-13,2,59.7,0.1,0.37,0.0,0.0,0.0,0.0,0.0,0.0,,226.59,0.0,0.0,0.0,-inf
ALCAM,2020-06-17,vHB,tryp,pe,2020-05-13,2,94.18,1.88,5.28,0.1,0.222,0.55,0.29,0.22,0.07,1468.12,286.95,0.2888519583183615,0.2815349027078516,0.25431483765401003,-0.5504677567139123
APCDD1,2020-06-17,vHB,tryp,pe,2020-05-13,2,208.64,21.25,41.88,1.25,2.927,7.5,3.12,1.88,1.25,1754.64,335.49,0.5068720804886814,1.8390257177847324,1.1603284730669132,0.26458780265509696
CNTN2,2020-06-17,vHB,tryp,pe,2020-05-13,2,799.82,61.96,66.8,27.0,34.382,50.45,41.17,33.85,23.31,2227.66,1222.5,4.490927057132591,9.88338549462512,3.059772935892985,0.9949057350515883
CORIN,2020-06-17,vHB,tryp,pe,2020-05-13,2,84.18,5.35,13.88,0.01,0.09,0.69,0.23,0.12,0.0,1087.58,258.38,0.16052820697089476,0.1454619676146416,0.13766921545323235,-0.8372505421708687
unstained,2020-06-17,vHB,tryp,pe,2020-05-13,2,73.49,0.19,0.84,0.0,0.0,0.0,0.0,0.0,0.0,,222.64,0.0,0.0,0.0,-inf
ALCAM,2020-06-25,vHB,acc,pe,2020-05-13,2,96.75,1.0,4.39,0.04,0.142,0.33,0.12,0.07,0.03,1295.17,290.59,0.19769191138588346,0.285201912858661,0.25731836264260594,-0.5448475659829518
APCDD1,2020-06-25,vHB,acc,pe,2020-05-13,2,248.71,18.6,40.49,1.89,3.048,7.65,4.43,2.92,1.53,2123.44,434.5,0.7908294693456981,2.303799149840595,1.349985473069071,0.36244461367557734
CNTN2,2020-06-25,vHB,acc,pe,2020-05-13,2,6716.88,99.3,99.72,93.4,95.295,98.53,97.15,95.57,91.9,7118.66,6735.17,26.759587841318908,88.22529224229544,7.276303032122586,1.9455931056152438
CORIN,2020-06-25,vHB,acc,pe,2020-05-13,2,85.63,1.4,2.4,0.16,0.285,0.79,0.44,0.27,0.12,2145.84,521.12,1.1478413189077794,0.13748671625929854,0.13049502786128875,-0.8617392606262642
FOLR1,2020-06-25,vHB,acc,pe,2020-05-13,2,421.88,38.06,56.24,5.48,7.099,22.88,13.6,8.58,4.2,2489.62,653.24,1.6923853683668213,4.604144527098831,2.057840990748964,0.6631489479586977
LRTM1,2020-06-25,vHB,acc,pe,2020-05-13,2,94.34,0.78,4.34,0.04,0.08,0.13,0.08,0.06,0.02,1341.01,271.99,0.1210303967027306,0.25318809776833157,0.23086192728306532,-0.5965567141168929
TPBG,2020-06-25,vHB,acc,pe,2020-05-13,2,95.63,0.54,2.5,0.05,0.088,0.26,0.14,0.09,0.05,1371.13,307.48,0.2673055126223597,0.2703241232731136,0.24508962314389138,-0.5681151968579619
unstained,2020-06-25,vHB,acc,pe,2020-05-13,2,75.28,0.0499999999999999,0.51,0.0,0.013,0.0,0.0,0.0,0.0,,242.625,0.0,0.0,0.0,-inf
IAP,2020-06-25,vHB,acc,pe_cy7,2020-05-13,2,5039.35,100.0,100.0,73.13,100.0,99.14,94.8,86.73,64.39,5951.44,5039.35,7.962030944335765,30.280881440099318,4.9546455463925065,1.4811685128029268
unstained,2020-06-25,vHB,acc,pe_cy7,2020-05-13,2,161.1,0.35,1.31,0.0,0.013,0.0,0.0,0.0,0.0,,562.3,0.0,0.0,0.0,-inf
ALCAM,2020-06-26,dFB,acc,pe,2020-05-13,2,341.42,73.14,85.67,2.11,7.224,37.03,16.18,6.51,1.05,977.39,379.64,0.9958468049312619,4.193884536396136,1.951338903408494,0.6226164695493782
APCDD1,2020-06-26,dFB,acc,pe,2020-05-13,2,94.5,4.25,12.06,0.05,0.13,0.48,0.17,0.1,0.04,2415.99,221.12,0.1624740425308204,0.43759032478892523,0.3764675951573058,-0.35893228890779066
CNTN2,2020-06-26,dFB,acc,pe,2020-05-13,2,9128.99,99.82,99.9,97.58,98.328,99.47,99.07,98.53,96.81,9328.88,9137.68,47.03869305785558,137.87563702745874,8.41205164744823,2.139487532025734
CORIN,2020-06-26,dFB,acc,pe,2020-05-13,2,67.37,0.21,1.62,0.01,0.01,0.02,0.01,0.01,0.01,3301.01,204.37,0.0744157926556791,0.02487259450825291,0.024628765978730326,-1.6042789102730026
FOLR1,2020-06-26,dFB,acc,pe,2020-05-13,2,724.06,87.91,94.59,24.94,60.907,66.21,49.08,36.14,19.88,1511.55,735.94,2.868990353021581,10.014832281128774,3.079148337318445,1.0006436805402088
LRTM1,2020-06-26,dFB,acc,pe,2020-05-13,2,79.47,2.04,7.12,0.04,0.115,0.25,0.1,0.06,0.01,1058.51,206.02,0.08309018741949903,0.2089450064653533,0.19339449776299894,-0.679968003512728
TPBG,2020-06-26,dFB,acc,pe,2020-05-13,2,75.28,0.43,2.58,0.03,0.036,0.05,0.04,0.04,0.01,2551.18,210.22,0.1051704650001314,0.14520422910169622,0.13743799094166834,-0.8380207345396231
unstained,2020-06-26,dFB,acc,pe,2020-05-13,2,65.735,0.235,1.225,0.0,0.0,0.01,0.0,0.0,0.0,,190.215,0.0,0.0,0.0,-inf
IAP,2020-06-26,dFB,acc,pe_cy7,2020-05-13,2,1642.38,99.11,99.6,6.65,98.826,72.12,39.03,17.63,3.48,3432.86,1647.37,2.304653961885657,10.629939102110184,3.167431344195238,1.0265307764994713
unstained,2020-06-26,dFB,acc,pe_cy7,2020-05-13,2,141.22,0.2,0.89,0.0,0.0,0.0,0.0,0.0,0.0,,498.5,0.0,0.0,0.0,-inf
ALCAM,2020-06-26,vFB,acc,pe,2020-05-13,2,222.93,45.04,65.23,0.2,0.944,11.1,2.72,0.67,0.12,3286.37,285.49,0.43246362267937777,2.754294375210509,1.5144187065413652,0.4400103552009747
APCDD1,2020-06-26,vFB,acc,pe,2020-05-13,2,115.91,10.6,22.12,0.03,0.138,1.52,0.31,0.11,0.01,1154.63,231.38,0.1609633718013045,0.952004041764904,0.7156568449792667,-0.021361207799907116
CNTN2,2020-06-26,vFB,acc,pe,2020-05-13,2,14123.33,99.84,99.88,98.22,98.837,99.54,99.11,98.74,97.85,14353.05,14140.32,69.94992473657803,236.84658134051872,9.935830867408866,2.374467120473461
CORIN,2020-06-26,vFB,acc,pe,2020-05-13,2,60.57,0.19,0.93,0.0,0.011,0.04,0.02,0.01,0.0,,198.49,-0.004064224786753649,0.020040417649040163,0.019881675285310766,-1.6980932318674933
FOLR1,2020-06-26,vFB,acc,pe,2020-05-13,2,299.98,51.98,69.05,3.21,18.342,22.43,11.15,6.16,2.19,1627.09,385.93,0.9364274962368289,4.051869316268104,1.9129024081900274,0.6076554297438002
LRTM1,2020-06-26,vFB,acc,pe,2020-05-13,2,83.6,1.88,5.8,0.08,0.2,0.4,0.19,0.13,0.07,14937.02,415.53,1.0849473156046159,0.40788144156281575,0.3540598445995753,-0.3894660544529924
TPBG,2020-06-26,vFB,acc,pe,2020-05-13,2,61.02,0.26,1.25,0.01,0.042,0.05,0.02,0.01,0.01,1420.44,203.67,0.02192674360260901,0.02761872684405537,0.027318569647232574,-1.558796345212326
unstained,2020-06-26,vFB,acc,pe,2020-05-13,2,59.379999999999995,0.1699999999999999,0.63,0.0,0.0,0.015,0.005,0.0,0.0,,199.3,0.0,0.0,0.0,-inf
IAP,2020-06-26,vFB,acc,pe_cy7,2020-05-13,2,1096.91,92.21,95.04,0.81,90.571,36.94,10.82,3.06,0.34,3222.77,1137.06,1.2616357705465828,7.82611844222723,2.729011519308715,0.8935464163242404
unstained,2020-06-26,vFB,acc,pe_cy7,2020-05-13,2,124.28,0.22,0.84,0.0,0.0,0.0,0.0,0.0,0.0,,502.76,0.0,0.0,0.0,-inf
ALCAM,2020-06-27,cVM,pap,pe,2020-05-13,2,1664.84,88.88,91.83,46.21,77.452,76.52,65.81,56.35,40.52,2764.65,1797.54,4.561695544554455,14.551985053713219,3.6561977716304095,1.162922239993497
APCDD1,2020-06-27,cVM,pap,pe,2020-05-13,2,1440.25,96.04,97.38,42.75,85.886,85.28,71.43,57.53,34.78,2228.34,1473.97,3.5605507425742573,12.453993460999534,3.4089205042015314,1.0953086333580353
CNTN2,2020-06-27,cVM,pap,pe,2020-05-13,2,870.02,76.74,84.24,16.17,51.286,49.11,33.91,24.0,13.0,2392.5,998.24,2.0886138613861385,7.127230266230733,2.602536559260616,0.8529207901899531
CORIN,2020-06-27,cVM,pap,pe,2020-05-13,2,141.88,3.98,7.05,0.01,0.669,0.43,0.09,0.03,0.01,1533.47,378.3,0.1704826732673268,0.3253619803829986,0.289771421593689,-0.48763319717222087
FOLR1,2020-06-27,cVM,pap,pe,2020-05-13,2,266.36,11.02,12.62,2.61,8.279,6.78,5.15,3.94,2.17,3665.43,1295.01,3.0068378712871286,1.488183092013078,0.9999339742476343,0.17265636599434883
LRTM1,2020-06-27,cVM,pap,pe,2020-05-13,2,118.4,0.24,0.89,0.0,0.052,0.04,0.01,0.01,0.0,,332.45,0.028620049504950496,0.1060252218589445,0.1017950781901963,-0.9745908101013153
TPBG,2020-06-27,cVM,pap,pe,2020-05-13,2,317.41,18.64,26.76,3.51,7.695,6.62,4.5,3.8,3.35,2967.96,763.96,1.3637376237623764,1.9650630546473613,1.2140792984321014,0.2933764905109627
unstained,2020-06-27,cVM,pap,pe,2020-05-13,2,107.05,0.05,0.2,0.0,0.037,0.015,0.0,0.0,0.0,,323.2,0.0,0.0,0.0,-inf
IAP,2020-06-27,cVM,pap,pe_cy7,2020-05-13,2,8172.58,100.0,100.0,90.97,100.0,99.36,97.55,95.55,86.9,8697.31,8172.58,12.846901950153335,56.760831154145166,6.253735177102846,1.7540487462466066
unstained,2020-06-27,cVM,pap,pe_cy7,2020-05-13,2,141.49,0.25,0.71,0.0,0.037,0.03,0.0,0.0,0.0,,590.21,0.0,0.0,0.0,-inf
ALCAM,2020-06-28,dFB,pap,pe,2020-05-13,2,447.41,73.86,86.03,3.88,26.09,41.4,21.35,10.31,2.12,1381.71,498.16,1.120506544641907,5.271516680684049,2.2184594422076396,0.7219355850961771
APCDD1,2020-06-28,dFB,pap,pe,2020-05-13,2,83.73,0.45,2.42,0.0,0.031,0.03,0.0,0.0,0.0,,226.82,-0.034500372459295596,0.1736753574432296,0.16273224237222148,-0.7602617986262717
CNTN2,2020-06-28,dFB,pap,pe,2020-05-13,2,4280.21,99.22,99.56,88.01,95.778,97.57,95.3,92.32,85.05,4723.5,4281.03,17.222964775992335,58.9973366975049,6.339565104675611,1.770832406833937
CORIN,2020-06-28,dFB,pap,pe,2020-05-13,2,74.41,0.23,0.93,0.01,0.013,0.03,0.01,0.01,0.01,2015.85,248.86,0.05931680323507503,0.043033361368096344,0.042311181493110424,-1.3661947295251498
FOLR1,2020-06-28,dFB,pap,pe,2020-05-13,2,972.35,91.12,96.39,32.59,61.563,73.19,57.32,44.29,26.82,1845.79,1003.29,3.270682132595509,12.629800953181945,3.430782920543294,1.101396506088513
LRTM1,2020-06-28,dFB,pap,pe,2020-05-13,2,76.76,0.34,1.33,0.01,0.057,0.08,0.04,0.01,0.01,5206.5,272.31,0.1591358944343939,0.07597420801794227,0.07376533038354871,-1.119333818463948
TPBG,2020-06-28,dFB,pap,pe,2020-05-13,2,100.57,0.64,4.68,0.0,0.012,0.01,0.0,0.0,0.0,,217.53,-0.07404490794934558,0.4097280627978692,0.3554636186947636,-0.3875042896448989
unstained,2020-06-28,dFB,pap,pe,2020-05-13,2,71.34,0.185,0.71,0.0,0.005,0.015,0.0,0.0,0.0,,234.925,0.0,0.0,0.0,-inf
IAP,2020-06-28,dFB,pap,pe_cy7,2020-05-13,2,3335.4,99.88,99.89,67.96,99.857,99.4,96.82,87.55,52.99,3850.23,3338.71,5.969875996826855,26.767232767232766,4.7202296238731405,1.4276034755559894
unstained,2020-06-28,dFB,pap,pe_cy7,2020-05-13,2,120.12,0.2,0.9,0.0,0.005,0.0,0.0,0.0,0.0,,479.02,0.0,0.0,0.0,-inf
ALCAM,2020-06-28,vFB,pap,pe,2020-05-13,2,307.93,47.77,66.14,0.78,7.599,16.38,5.62,2.22,0.44,1663.04,371.97,0.6153645720241456,3.300698324022347,1.693878114982639,0.5186058326612657
APCDD1,2020-06-28,vFB,pap,pe,2020-05-13,2,92.06,0.88,4.1,0.0,0.049,0.04,0.01,0.0,0.0,,225.89,-0.019021149085855837,0.2857541899441342,0.2577701200646906,-0.544007392931714
CNTN2,2020-06-28,vFB,pap,pe,2020-05-13,2,3675.2,95.22,97.28,68.49,83.605,88.66,82.13,75.46,64.26,5042.11,3774.44,15.391366656533634,50.32960893854749,5.991161656168164,1.7018235559387505
CORIN,2020-06-28,vFB,pap,pe,2020-05-13,2,70.15,0.15,0.57,0.0,0.0,0.0,0.0,0.0,0.0,,233.4,0.01359273895861378,-0.020251396648044536,-0.020417466289934523,
FOLR1,2020-06-28,vFB,pap,pe,2020-05-13,2,453.65,58.63,75.58,5.51,19.656,28.52,15.42,9.11,4.26,2144.35,531.14,1.3065966039866244,5.335893854748603,2.2332184753177917,0.7272071817114407
LRTM1,2020-06-28,vFB,pap,pe,2020-05-13,2,78.04,0.5,1.64,0.03,0.07,0.11,0.05,0.04,0.03,2727.63,292.44,0.26998740608850474,0.08994413407821246,0.086872495694379,-1.0460271549480427
TPBG,2020-06-28,vFB,pap,pe,2020-05-13,2,76.69,0.31,1.21,0.04,0.097,0.11,0.08,0.07,0.03,1347.46,287.25,0.24744864724019625,0.07108938547486039,0.06915005732354242,-1.1481952399710964
unstained,2020-06-28,vFB,pap,pe,2020-05-13,2,71.6,0.105,0.61,0.0,0.009,0.01,0.005,0.0,0.0,,230.27,0.0,0.0,0.0,-inf
IAP,2020-06-28,vFB,pap,pe_cy7,2020-05-13,2,2580.91,99.92,99.95,41.6,99.935,96.22,85.42,66.18,28.63,3467.12,2581.98,4.4474450398751,24.128127738292278,4.528006188691609,1.382523623422464
unstained,2020-06-28,vFB,pap,pe_cy7,2020-05-13,2,102.71,0.13,0.63,0.0,0.009,0.0,0.0,0.0,0.0,,473.98,0.0,0.0,0.0,-inf
ALCAM,2020-06-28,vHB,pap,pe,2020-05-13,2,108.27,2.9,7.41,0.15,0.521,0.79,0.39,0.26,0.1,1677.7,302.67,0.3265981459972388,0.2334947308459127,0.21431740657402584,-0.6317229154848685
APCDD1,2020-06-28,vHB,pap,pe,2020-05-13,2,133.25,5.85,16.1,0.1,0.654,1.15,0.49,0.21,0.06,1295.2,269.65,0.18187197300081076,0.5180860153802335,0.4353720931584707,-0.2855981304018677
CNTN2,2020-06-28,vHB,pap,pe,2020-05-13,2,1266.81,78.65,86.43,34.01,51.8,60.9,49.46,41.35,30.42,2859.78,1446.84,5.341478380925248,13.432469381942465,3.5278221274538746,1.1281558593082106
CORIN,2020-06-28,vHB,pap,pe,2020-05-13,2,92.35,0.61,2.88,0.0,0.0,0.04,0.0,0.0,0.0,,226.39,-0.007735968968464486,0.05212190259185404,0.05106801654881009,-1.2829797397349227
FOLR1,2020-06-28,vHB,pap,pe,2020-05-13,2,429.31,46.37,59.56,7.57,19.04,26.0,16.35,10.98,5.98,2153.24,639.35,1.8022616203896475,3.8910281970948444,1.8683123549970795,0.5900643780148259
LRTM1,2020-06-28,vHB,pap,pe,2020-05-13,2,95.25,0.71,3.59,0.01,0.043,0.09,0.03,0.02,0.01,2848.0,237.27,0.03995091056518599,0.08516092281401304,0.08239989761188576,-1.0697596411409218
TPBG,2020-06-28,vHB,pap,pe,2020-05-13,2,138.67,4.33,16.3,0.22,0.391,0.6,0.34,0.29,0.19,2012.69,263.49,0.15487278385308237,0.579834804898889,0.4788869552608084,-0.23669571943659004
unstained,2020-06-28,vHB,pap,pe,2020-05-13,2,87.775,0.425,2.05,0.0,0.0095,0.035,0.005,0.0,0.0,,228.155,0.0,0.0,0.0,-inf
IAP,2020-06-28,vHB,pap,pe_cy7,2020-05-13,2,6770.07,99.93,99.96,93.38,99.947,99.75,99.07,97.54,89.27,7056.39,6772.41,13.361714309949953,48.00521172638436,5.889763758526058,1.6812883894826747
unstained,2020-06-28,vHB,pap,pe_cy7,2020-05-13,2,138.15,0.32,1.67,0.0,0.0095,0.0,0.0,0.0,0.0,,471.56,0.0,0.0,0.0,-inf
ALCAM,2020-07-02,cVM,tryp,pe,2020-06-08,3,3078.36,92.49,94.85,57.2,79.088,82.25,73.72,65.58,51.73,3246.73,2275.5,6.40541859897486,28.021966625813143,4.806530242664928,1.4474986114910497
APCDD1,2020-07-02,cVM,tryp,pe,2020-06-08,3,3453.55,99.24,99.68,76.35,92.911,95.18,89.65,83.51,71.37,4226.6,3463.96,10.273159222195103,31.559159045913077,5.034705705665885,1.499125422085372
CNTN2,2020-07-02,cVM,tryp,pe,2020-06-08,3,785.4,83.54,89.54,13.48,57.119,53.97,34.65,22.44,9.9,2047.23,857.15,1.7895207875681394,6.404544168945036,2.4622478571359157,0.8064882251101245
CORIN,2020-07-02,cVM,tryp,pe,2020-06-08,3,480.29,42.71,53.98,7.2,20.998,20.98,13.56,9.96,5.84,2357.03,751.17,1.4446180131803759,3.528047515791459,1.763199516613257,0.5475344255831016
FOLR1,2020-07-02,cVM,tryp,pe,2020-06-08,3,276.37,17.2,25.47,2.38,9.184,7.87,5.2,3.61,1.93,2453.08,651.67,1.1208038402082825,1.6055435090034884,1.055495284476037,0.20562207911092742
LRTM1,2020-07-02,cVM,tryp,pe,2020-06-08,3,120.03,0.21,1.05,0.01,0.029,0.02,0.02,0.01,0.01,29503.5,572.32,0.8625661052802867,0.13161120015084388,0.12518388324347243,-0.8807071505645311
TPBG,2020-07-02,cVM,tryp,pe,2020-06-08,3,958.19,64.57,73.85,27.06,45.097,45.89,39.01,33.74,22.46,2119.13,1158.46,2.7701082092588076,8.033562741585747,2.7650063887492915,0.9049081898446965
unstained,2020-07-02,cVM,tryp,pe,2020-06-08,3,106.07,0.12,0.445,0.0,0.0,0.03,0.0,0.0,0.0,,307.275,0.0,0.0,0.0,-inf
IAP,2020-07-02,cVM,tryp,pe_cy7,2020-06-08,3,4246.35,99.89,99.98,63.76,99.963,96.73,89.42,78.56,54.4,5323.04,4247.24,6.2807748350047135,22.57642551773916,4.407313053727925,1.3536551820173117
unstained,2020-07-02,cVM,tryp,pe_cy7,2020-06-08,3,180.11,0.15,0.44,0.0,0.0,0.0,0.0,0.0,0.0,,583.35,0.0,0.0,0.0,-inf
ALCAM,2020-07-02,rVM,tryp,pe,2020-06-08,3,5116.55,95.95,96.84,83.09,91.514,92.01,89.07,86.33,80.87,4116.98,3655.5,11.133835659635206,41.078621653850895,5.562879013113588,1.6136158629152746
APCDD1,2020-07-02,rVM,tryp,pe,2020-06-08,3,1221.36,94.3,97.23,20.83,60.684,71.98,50.54,33.4,15.91,3069.85,1250.59,3.1511294043450118,9.044491961018133,2.931504946912508,0.9563841770860422
CNTN2,2020-07-02,rVM,tryp,pe,2020-06-08,3,1163.42,83.86,88.13,30.97,67.934,66.76,52.86,41.16,25.16,2355.84,1299.25,3.3126483328630942,8.567992104938526,2.8547825384156957,0.9328790576390172
CORIN,2020-07-02,rVM,tryp,pe,2020-06-08,3,9579.7,99.35,99.63,93.85,97.136,97.91,96.52,95.33,92.78,10132.67,9614.81,30.91479262443364,77.7836670915745,6.974495984424502,1.8908884139990667
FOLR1,2020-07-02,rVM,tryp,pe,2020-06-08,3,306.92,22.71,33.44,2.41,11.054,9.26,5.67,3.69,1.89,2604.43,612.54,1.0332265613330456,1.524116945598092,1.0171646971991994,0.1830182917275773
LRTM1,2020-07-02,rVM,tryp,pe,2020-06-08,3,155.19,3.34,9.43,0.0,0.107,0.15,0.02,0.01,0.0,,308.42,0.023749854779015252,0.2762860314980057,0.2500036766505696,-0.5586410716404484
TPBG,2020-07-02,rVM,tryp,pe,2020-06-08,3,455.91,19.71,28.75,9.51,10.957,11.96,10.98,10.35,8.8,2532.15,1110.26,2.685326871691036,2.749414038406185,1.5127241616604525,0.43924014582933496
unstained,2020-07-02,rVM,tryp,pe,2020-06-08,3,121.595,0.685,2.12,0.0,0.0,0.04,0.0,0.0,0.0,,301.265,0.0,0.0,0.0,-inf
IAP,2020-07-02,rVM,tryp,pe_cy7,2020-06-08,3,28592.03,100.0,100.0,98.98,100.0,99.9,99.67,99.26,98.47,28844.31,28592.03,48.38345020553387,145.53561910619106,8.556845449507735,2.1629692977075807
unstained,2020-07-02,rVM,tryp,pe_cy7,2020-06-08,3,195.12,0.32,0.82,0.0,0.0,0.0,0.0,0.0,0.0,,578.98,0.0,0.0,0.0,-inf
ALCAM,2020-07-05,dFB,tryp,pe,2020-06-08,3,2904.68,40.68,67.41,1.41,8.968,15.53,5.59,2.5,1.17,44957.01,1424.18,4.402192466714714,44.78625472887768,5.742788568528356,1.6511447458876376
APCDD1,2020-07-05,dFB,tryp,pe,2020-06-08,3,124.82,2.34,10.02,0.18,0.899,0.58,0.3,0.22,0.15,3090.24,337.97,0.2819861169062703,0.9675283732660781,0.7247194099110682,-0.014336290213743635
CNTN2,2020-07-05,dFB,tryp,pe,2020-06-08,3,5217.26,99.68,99.87,94.5,98.401,99.05,98.04,96.58,92.68,5456.35,5223.77,18.814778287751775,81.2392812105927,7.077745263817818,1.909766072196405
CORIN,2020-07-05,dFB,tryp,pe,2020-06-08,3,76.33,0.19,1.05,0.0,0.047,0.06,0.02,0.0,0.0,,285.63,0.08345029017941813,0.20318411097099623,0.1884354973200096,-0.6921102569561444
FOLR1,2020-07-05,dFB,tryp,pe,2020-06-08,3,516.74,59.61,81.44,7.21,30.229,33.63,19.26,12.09,5.33,1783.31,599.92,1.275613549292569,7.145334174022699,2.605920569391039,0.8540225447491405
LRTM1,2020-07-05,dFB,tryp,pe,2020-06-08,3,82.67,0.38,2.17,0.0,0.097,0.11,0.0,0.0,0.0,,274.56,0.041459621439138214,0.30312105926860033,0.2718974902331316,-0.5183838900710674
TPBG,2020-07-05,dFB,tryp,pe,2020-06-08,3,82.75,0.18,0.83,0.07,0.415,0.11,0.09,0.07,0.07,2014.07,424.59,0.6105526685126882,0.3043820933165196,0.2729174216272627,-0.5165809005301526
unstained,2020-07-05,dFB,tryp,pe,2020-06-08,3,63.44,0.035,0.3,0.0,0.0,0.0,0.0,0.0,0.0,,263.63,0.0,0.0,0.0,-inf
IAP,2020-07-05,dFB,tryp,pe_cy7,2020-06-08,3,1521.52,98.51,99.28,2.07,98.531,64.57,26.27,7.95,0.74,3429.69,1529.76,1.9045340624287996,11.080349344978165,3.229735986000056,1.044553453190656
unstained,2020-07-05,dFB,tryp,pe_cy7,2020-06-08,3,125.95,0.13,0.53,0.0,0.0,0.0,0.0,0.0,0.0,,526.68,0.0,0.0,0.0,-inf
ALCAM,2020-07-05,vFB,tryp,pe,2020-06-08,3,1522.74,7.49,20.1,1.0,2.893,2.78,1.74,1.25,0.86,45881.02,2634.97,9.14542584321577,17.52031135976648,3.963954863928678,1.243541819904375
APCDD1,2020-07-05,vFB,tryp,pe,2020-06-08,3,152.75,4.69,18.21,0.21,0.94,0.82,0.41,0.27,0.21,3430.48,328.43,0.2645541352225472,0.8578204816346388,0.659404732514996,-0.06660358859972916
CNTN2,2020-07-05,vFB,tryp,pe,2020-06-08,3,3805.96,97.23,98.67,80.37,89.893,93.84,89.47,85.26,76.86,4540.48,3855.49,13.844794393962726,45.28995378253467,5.766321731830688,1.6560018774946066
CORIN,2020-07-05,vFB,tryp,pe,2020-06-08,3,86.58,0.53,2.69,0.06,0.134,0.14,0.09,0.08,0.05,2983.72,335.92,0.29339288464500224,0.053028460228654824,0.05193816417465812,-1.275490983175745
FOLR1,2020-07-05,vFB,tryp,pe,2020-06-08,3,268.51,19.19,35.0,2.75,10.06,10.15,6.04,3.94,2.21,2154.69,542.24,1.087786847374095,2.2657504256871808,1.3352915041783326,0.3552120702598503
LRTM1,2020-07-05,vFB,tryp,pe,2020-06-08,3,90.16,0.71,4.38,0.03,0.049,0.06,0.04,0.04,0.03,3055.37,283.84,0.09286924380101627,0.0965701775723668,0.09304238505943162,-1.0151569700172347
TPBG,2020-07-05,vFB,tryp,pe,2020-06-08,3,91.58,0.57,3.13,0.15,0.421,0.22,0.18,0.18,0.09,1717.08,340.37,0.31052672108424445,0.11384091461931403,0.10898511871695094,-0.9437016237062258
unstained,2020-07-05,vFB,tryp,pe,2020-06-08,3,82.22,0.235,1.85,0.0,0.0055,0.015,0.0,0.0,0.0,,259.72,0.0,0.0,0.0,-inf
IAP,2020-07-05,vFB,tryp,pe_cy7,2020-06-08,3,1464.17,97.49,98.68,1.51,97.031,60.17,22.38,7.05,0.65,3529.84,1479.34,1.8039044730856706,9.992267267267268,3.075835428641395,0.9996640417739086
unstained,2020-07-05,vFB,tryp,pe_cy7,2020-06-08,3,133.2,0.19,0.91,0.0,0.0055,0.0,0.0,0.0,0.0,,527.6,0.0,0.0,0.0,-inf
ALCAM,2020-07-06,cVM,acc,pe,2020-04-26,1,3560.5,98.12,99.14,84.68,94.51,95.29,92.04,88.69,81.38,3995.73,3549.95,11.639796336187711,29.864251040221912,4.927985927158357,1.4751516276323144
APCDD1,2020-07-06,cVM,acc,pe,2020-04-26,1,6045.14,99.15,99.68,86.3,96.28,97.06,94.11,90.63,82.88,6828.52,6063.83,20.590607252852895,51.40239251040222,6.036725153639912,1.7109833335844578
CNTN2,2020-07-06,cVM,acc,pe,2020-04-26,1,1665.87,91.53,95.02,45.67,80.289,80.44,67.89,56.79,39.18,2754.87,1746.36,5.218012853607733,13.440620665742024,3.5287851920253153,1.128419324185295
CORIN,2020-07-06,cVM,acc,pe,2020-04-26,1,2104.63,73.16,85.09,37.39,54.134,56.11,47.12,41.62,34.98,4785.62,2444.36,7.7032810525004,17.244018723994454,3.9370483230846154,1.2366384857501094
FOLR1,2020-07-06,cVM,acc,pe,2020-04-26,1,208.42,9.54,15.87,1.37,4.054,5.32,3.29,2.12,1.04,2105.62,619.75,1.2066546794609316,0.8066920943134535,0.6279059759701864,-0.09329219917810529
LRTM1,2020-07-06,cVM,acc,pe,2020-04-26,1,167.11,23.79,34.31,0.09,10.945,9.97,3.3,0.74,0.01,1343.68,486.53,0.7323173879760017,0.44859570041608887,0.3846743399181746,-0.34814489324639836
TPBG,2020-07-06,cVM,acc,pe,2020-04-26,1,1607.82,90.98,96.03,45.98,76.855,77.96,65.44,55.6,40.56,2647.72,1666.8,4.934735005607876,12.9374133148405,3.468498992355754,1.1118474528869788
unstained,2020-07-06,cVM,acc,pe,2020-04-26,1,115.36,0.11,1.27,0.0,0.0055,0.0,0.0,0.0,0.0,,280.855,0.0,0.0,0.0,-inf
IAP,2020-07-06,cVM,acc,pe_cy7,2020-04-26,1,10547.51,99.98,99.98,95.74,99.974,99.85,99.37,98.48,93.68,10860.29,10549.18,16.785012222877857,58.02025628112585,6.302388270860992,1.763579642791929
unstained,2020-07-06,cVM,acc,pe_cy7,2020-04-26,1,178.71,0.16,0.39,0.0,0.0055,0.0,0.0,0.0,0.0,,593.15,0.0,0.0,0.0,-inf
ALCAM,2020-07-06,rVM,pap,pe,2020-04-26,1,1663.24,74.41,83.24,47.14,62.13,63.27,57.01,52.43,43.43,2821.5,1880.02,5.24798936523762,14.311055877750164,3.629209891540169,1.1556716774329816
APCDD1,2020-07-06,rVM,pap,pe,2020-04-26,1,333.28,33.12,56.26,1.0,12.375,12.8,5.46,2.38,0.61,1577.44,467.55,0.5538384845463611,2.0680290895701003,1.2566505464933382,0.3155566433923701
CNTN2,2020-07-06,rVM,pap,pe,2020-04-26,1,854.82,67.1,75.27,17.02,48.848,50.17,35.43,25.29,13.17,2576.31,1120.14,2.722632103688934,6.869096934548468,2.5536173976718937,0.8368996450476327
CORIN,2020-07-06,rVM,pap,pe,2020-04-26,1,263.29,28.54,43.75,0.34,9.451,9.73,2.89,0.91,0.19,1615.04,460.7,0.5310734463276837,1.4237319340881895,0.9685236809660186,0.15342822630535619
FOLR1,2020-07-06,rVM,pap,pe,2020-04-26,1,140.28,4.53,8.67,0.42,2.1,2.18,1.35,0.77,0.32,1833.45,515.12,0.7119308740445333,0.29135597901132293,0.26234357972665295,-0.5355760651833
LRTM1,2020-07-06,rVM,pap,pe,2020-04-26,1,118.71,15.34,24.64,0.09,4.901,5.33,1.74,0.41,0.03,1385.11,451.16,0.49936856098371574,0.09279204639602319,0.08952801699999027,-1.0324892474271676
TPBG,2020-07-06,rVM,pap,pe,2020-04-26,1,885.77,38.66,57.5,19.74,27.104,27.23,23.17,21.52,18.61,3274.98,1420.77,3.7217347956131603,7.154009021448956,2.6075399531813983,0.8545494834734246
unstained,2020-07-06,rVM,pap,pe,2020-04-26,1,108.63,0.435,2.7750000000000004,0.0,0.0105,0.03,0.01,0.0,0.0,,300.9,0.0,0.0,0.0,-inf
IAP,2020-07-06,rVM,pap,pe_cy7,2020-04-26,1,26285.28,99.95,99.96,92.02,99.958,99.14,97.42,94.99,89.57,28236.52,26295.14,45.63333747140298,163.34462923596348,8.87142594062118,2.2131048594632445
unstained,2020-07-06,rVM,pap,pe_cy7,2020-04-26,1,159.94,0.27,0.72,0.0,0.0105,0.0,0.0,0.0,0.0,,563.87,0.0,0.0,0.0,-inf
ALCAM,2020-07-20,dFB,acc,pe,2020-04-26,1,230.27,18.14,39.64,0.06,2.981,3.74,0.65,0.08,0.06,6265.6,374.01,0.3220105333851756,2.3783744131455404,1.378397196168525,0.3762802240267358
APCDD1,2020-07-20,dFB,acc,pe,2020-04-26,1,125.83,2.69,9.42,0.15,0.663,0.58,0.3,0.18,0.15,3135.44,365.73,0.29274327524654503,0.8460974178403756,0.652244335749579,-0.07257963034774635
CNTN2,2020-07-20,dFB,acc,pe,2020-04-26,1,27040.12,99.96,99.97,98.76,99.752,99.81,99.53,99.21,98.38,27349.04,27047.08,94.60312466862254,395.71537558685446,11.544963405142509,2.5973829251783274
CORIN,2020-07-20,dFB,acc,pe,2020-04-26,1,84.04,0.25,1.38,0.0,0.011,0.0,0.0,0.0,0.0,,287.29,0.015481955392174377,0.23298122065727714,0.21388318483966523,-0.632679083667566
FOLR1,2020-07-20,dFB,acc,pe,2020-04-26,1,428.7,44.54,64.97,3.97,20.367,23.54,12.19,7.44,2.91,1834.14,579.23,1.0474002332897392,5.289612676056338,2.222620308296516,0.7234238726382386
LRTM1,2020-07-20,dFB,acc,pe,2020-04-26,1,89.88,0.49,2.44,0.01,0.294,0.23,0.04,0.01,0.01,6615.84,349.87,0.236683044077622,0.31866197183098594,0.2844123727567289,-0.49666976084183434
TPBG,2020-07-20,dFB,acc,pe,2020-04-26,1,84.36,0.37,1.09,0.03,0.252,0.25,0.13,0.06,0.03,2881.56,455.5,0.6100526669258777,0.2376760563380282,0.21784774274231827,-0.6240145672160127
unstained,2020-07-20,dFB,acc,pe,2020-04-26,1,68.16,0.055,0.485,0.0,0.032,0.01,0.005,0.0,0.0,,282.90999999999997,0.0,0.0,0.0,-inf
IAP,2020-07-20,dFB,acc,pe_cy7,2020-04-26,1,1814.17,99.59,99.74,5.91,99.298,80.72,46.51,19.39,2.81,3552.23,1817.96,2.450556124966784,16.137445682977518,3.8259044737775927,1.2078347934853002
unstained,2020-07-20,dFB,acc,pe_cy7,2020-04-26,1,105.86,0.11,0.24,0.0,0.032,0.0,0.0,0.0,0.0,,526.86,0.0,0.0,0.0,-inf
ALCAM,2020-07-20,rVM,acc,pe,2020-04-26,1,2083.7,84.69,92.43,54.89,70.607,73.4,65.11,59.65,51.81,3261.83,2203.02,6.725151222933286,20.86693252177563,4.2667527863593335,1.3194586116539286
APCDD1,2020-07-20,rVM,acc,pe,2020-04-26,1,2499.98,94.59,97.88,52.75,82.268,85.81,74.84,64.21,46.71,3990.01,2550.29,7.942894713772244,25.235491657046907,4.6105412210787495,1.4020117704076254
CNTN2,2020-07-20,rVM,acc,pe,2020-04-26,1,2088.64,92.85,96.62,50.31,79.87,83.02,71.89,60.92,44.63,3381.82,2156.46,6.561883054264925,20.918774268023924,4.271142517008265,1.320536233530368
CORIN,2020-07-20,rVM,acc,pe,2020-04-26,1,6071.44,86.28,92.93,66.01,75.577,77.49,71.89,68.79,64.44,8900.3,6521.52,21.86848426404839,62.715395109665224,6.476748917034358,1.7973741626884818
FOLR1,2020-07-20,rVM,acc,pe,2020-04-26,1,141.03,4.94,10.23,0.41,2.875,2.35,1.28,0.83,0.29,1944.87,484.08,0.6974840010519855,0.4800083954244936,0.40782762686938173,-0.3187511666772351
LRTM1,2020-07-20,rVM,acc,pe,2020-04-26,1,146.08,4.01,15.59,0.01,0.765,0.71,0.18,0.03,0.01,2265.12,316.24,0.1089331112474796,0.5330045125406654,0.4460132168036729,-0.273269114119367
TPBG,2020-07-20,rVM,acc,pe,2020-04-26,1,493.35,32.31,51.06,11.72,22.647,23.72,19.93,16.24,9.14,1883.41,825.68,1.89534496361883,4.177353342428376,1.946908288478646,0.6209012117211142
unstained,2020-07-20,rVM,acc,pe,2020-04-26,1,95.29,0.39,2.495,0.0,0.0305,0.055,0.0,0.0,0.0,,285.175,0.0,0.0,0.0,-inf
IAP,2020-07-20,rVM,acc,pe_cy7,2020-04-26,1,17951.66,99.99,100.0,89.49,100.0,99.0,96.82,93.66,86.45,19707.07,17951.66,32.697482777391926,132.3407115798856,8.303397200038377,2.121693465462382
unstained,2020-07-20,rVM,acc,pe_cy7,2020-04-26,1,134.63,0.32,0.66,0.0,0.0305,0.0,0.0,0.0,0.0,,532.73,0.0,0.0,0.0,-inf
ALCAM,2020-07-20,vFB,acc,pe,2020-04-26,1,198.77,9.22,19.41,1.34,4.482,4.32,2.8,1.9,0.98,2577.86,555.86,0.9720788320649957,1.1835658574096453,0.8452523252534895,0.07319242847874467
APCDD1,2020-07-20,vFB,acc,pe,2020-04-26,1,207.39,10.12,26.44,1.03,2.593,3.01,1.72,1.31,0.87,2410.24,433.14,0.5366930977595656,1.2782599143139624,0.8950929629163248,0.10661916984383006
CNTN2,2020-07-20,vFB,acc,pe,2020-04-26,1,17525.45,99.87,99.89,98.37,99.511,99.67,99.43,99.0,97.99,17790.83,17545.17,61.246713852376125,191.52389322201475,9.317491416376344,2.2822229613186673
CORIN,2020-07-20,vFB,acc,pe,2020-04-26,1,150.84,1.96,5.84,0.96,1.276,1.32,1.2,1.1,0.9,4596.27,1037.59,2.6811594202898545,0.6570361419312315,0.5314170055312293,-0.1824107403190844
FOLR1,2020-07-20,vFB,acc,pe,2020-04-26,1,280.84,19.91,33.19,2.71,10.426,10.75,6.58,4.36,2.09,2074.1,598.94,1.1249179571780819,2.0851367680984287,1.2636125940535388,0.3191345464476197
LRTM1,2020-07-20,vFB,acc,pe,2020-04-26,1,156.33,6.53,19.06,0.09,1.394,1.69,0.59,0.27,0.03,1691.1,352.52,0.2506696468167384,0.7173459299132156,0.5711077910339468,-0.1442713614561175
TPBG,2020-07-20,vFB,acc,pe,2020-04-26,1,102.99,0.68,3.63,0.01,0.217,0.13,0.09,0.04,0.01,1760.88,308.07,0.09297003884838481,0.13138525760738212,0.12497920347756664,-0.8814533630787996
unstained,2020-07-20,vFB,acc,pe,2020-04-26,1,91.03,0.3349999999999999,2.4,0.0,0.018,0.005,0.0,0.0,0.0,,281.865,0.0,0.0,0.0,-inf
IAP,2020-07-20,vFB,acc,pe_cy7,2020-04-26,1,1597.85,97.19,98.03,6.27,94.935,62.06,31.79,14.53,3.79,3947.25,1623.19,2.098932778403559,11.634221554518858,3.3038539484517346,1.0657373299616442
unstained,2020-07-20,vFB,acc,pe_cy7,2020-04-26,1,126.47,0.29,0.56,0.0,0.018,0.0,0.0,0.0,0.0,,523.79,0.0,0.0,0.0,-inf
ALCAM,2020-07-29,dFB,pap,pe,2020-04-26,1,200.93,14.57,33.97,0.22,1.785,2.81,1.0,0.3,0.16,9043.47,364.57,0.5179032392372387,2.0504023075755273,1.2494446865123212,0.3118390819426498
APCDD1,2020-07-29,dFB,pap,pe,2020-04-26,1,73.38,0.12,1.22,0.03,0.047,0.04,0.04,0.04,0.03,4903.8,352.23,0.46652510617037224,0.1140124487627143,0.10914246819020709,-0.9430477264373459
CNTN2,2020-07-29,dFB,pap,pe,2020-04-26,1,1079.47,93.82,97.63,33.09,70.635,80.7,63.07,47.81,26.32,1907.37,1102.12,3.5887251228245476,15.38788522848034,3.7473113921897103,1.1871789384338711
CORIN,2020-07-29,dFB,pap,pe,2020-04-26,1,65.83,0.15,0.54,0.0,0.012,0.03,0.0,0.0,0.0,,273.03,0.1367724206844865,-0.0006072567177775352,-0.0006074042758326568,
FOLR1,2020-07-29,dFB,pap,pe,2020-04-26,1,525.4,60.46,77.79,9.3,31.683,37.27,23.43,15.31,7.16,1715.37,635.86,1.6474310933466567,6.976316988006679,2.5740904179993804,0.8436262057281897
LRTM1,2020-07-29,dFB,pap,pe,2020-04-26,1,73.09,0.29,1.6,0.01,0.059,0.06,0.03,0.01,0.01,5576.56,301.21,0.25410109084853016,0.10960983755882797,0.10509777182178362,-0.9601504658718747
TPBG,2020-07-29,dFB,pap,pe,2020-04-26,1,95.62,0.66,4.03,0.01,0.079,0.08,0.03,0.03,0.01,1427.36,255.08,0.062036805729036575,0.4516471838469713,0.3869410064498263,-0.3452006933769454
unstained,2020-07-29,dFB,pap,pe,2020-04-26,1,65.87,0.04,0.575,0.0,0.011,0.005,0.0,0.0,0.0,,240.18,0.0,0.0,0.0,-inf
IAP,2020-07-29,dFB,pap,pe_cy7,2020-04-26,1,3265.96,100.0,100.0,59.4,99.967,99.19,93.99,81.25,45.32,3980.54,3265.96,6.057567637652347,34.197327298200236,5.192293979667066,1.5339921649742287
unstained,2020-07-29,dFB,pap,pe_cy7,2020-04-26,1,92.79,0.06,0.25,0.0,0.011,0.0,0.0,0.0,0.0,,462.76,0.0,0.0,0.0,-inf
ALCAM,2020-07-29,vFB,pap,pe,2020-04-26,1,199.97,7.31,17.01,1.07,2.41,3.05,1.95,1.53,0.92,2562.0,470.57,0.8453363659536087,1.249381327334083,0.88007169574147,0.09669501089736506
APCDD1,2020-07-29,vFB,pap,pe,2020-04-26,1,104.56,1.82,6.74,0.03,0.214,0.34,0.12,0.03,0.03,3883.88,289.08,0.13362483088566887,0.17615298087739029,0.16491010510248655,-0.7541100032482893
CNTN2,2020-07-29,vFB,pap,pe,2020-04-26,1,2046.38,95.62,98.29,60.94,82.814,88.41,79.62,70.82,54.92,2891.57,2079.54,7.154898923550518,22.018897637795273,4.362393891550936,1.3427955725010134
CORIN,2020-07-29,vFB,pap,pe,2020-04-26,1,92.81,1.05,4.88,0.0,0.053,0.09,0.01,0.01,0.0,,261.9,0.027038685515970204,0.043982002249718745,0.04322804637337056,-1.3567250035743472
FOLR1,2020-07-29,vFB,pap,pe,2020-04-26,1,310.5,28.39,43.39,4.25,13.251,15.31,9.38,6.29,3.34,1928.19,565.12,1.2161134095409893,2.4926884139482564,1.4209896968262308,0.39666799508617845
LRTM1,2020-07-29,vFB,pap,pe,2020-04-26,1,95.53,1.22,5.74,0.01,0.054,0.12,0.05,0.04,0.01,2603.04,265.88,0.042646222623085824,0.07457817772778397,0.07244804806941979,-1.127388232565441
TPBG,2020-07-29,vFB,pap,pe,2020-04-26,1,106.19,1.72,7.65,0.05,0.179,0.32,0.14,0.06,0.04,2692.36,280.49,0.09993921687810048,0.19448818897637785,0.18091391622739555,-0.7111067676962913
unstained,2020-07-29,vFB,pap,pe,2020-04-26,1,88.9,0.7849999999999999,4.085,0.0,0.0105,0.055,0.0,0.0,0.0,,255.005,0.0,0.0,0.0,-inf
IAP,2020-07-29,vFB,pap,pe_cy7,2020-04-26,1,2932.04,99.98,99.99,49.53,99.61,97.28,89.19,73.64,35.24,3786.22,2932.38,5.1778536215396285,22.978083087994765,4.439150192509206,1.361313795499768
unstained,2020-07-29,vFB,pap,pe_cy7,2020-04-26,1,122.28,0.41,1.0,0.0,0.0105,0.0,0.0,0.0,0.0,,474.66,0.0,0.0,0.0,-inf
ALCAM,2020-07-29,vHB,acc,pe,2020-04-26,1,258.13,25.62,39.9,2.34,10.522,13.32,7.32,4.13,1.54,1567.01,484.45,0.9402447083324988,2.6114725428471495,1.4640821603614451,0.4168854640031258
APCDD1,2020-07-29,vHB,acc,pe,2020-04-26,1,483.69,59.46,78.4,6.86,24.905,33.83,19.43,11.76,5.28,1736.73,579.06,1.31916214430182,5.767261280167892,2.3291328391636825,0.7609696271460674
CNTN2,2020-07-29,vHB,acc,pe,2020-04-26,1,1867.3,95.12,97.71,56.63,80.777,87.22,76.99,67.08,50.47,2749.15,1907.83,6.6409475939684,25.125218607904863,4.602448596029876,1.4001098491268043
CORIN,2020-07-29,vHB,acc,pe,2020-04-26,1,268.29,19.32,26.45,4.71,11.14,13.05,9.16,6.53,3.87,2004.55,750.65,2.0063880489416666,2.7536201469045127,1.5141847067214254,0.43990403051742194
FOLR1,2020-07-29,vHB,acc,pe,2020-04-26,1,110.4,3.99,8.11,0.3,1.603,1.83,0.86,0.45,0.2,1939.61,411.42,0.6477561727776999,0.5445960125918156,0.4542242029367592,-0.26392554278986835
LRTM1,2020-07-29,vHB,acc,pe,2020-04-26,1,80.79,0.21,1.84,0.03,0.024,0.04,0.03,0.03,0.01,1261.04,253.01,0.01331677914171852,0.13032528856243458,0.12401854817705193,-0.8849713047977644
TPBG,2020-07-29,vHB,acc,pe,2020-04-26,1,88.12,0.31,2.24,0.06,0.172,0.1,0.07,0.07,0.06,1648.46,287.24,0.15040951599014762,0.23287862889122088,0.2137964163992811,-0.6328703645373399
unstained,2020-07-29,vHB,acc,pe,2020-04-26,1,71.475,0.065,0.495,0.0,0.0,0.01,0.0,0.0,0.0,,249.685,0.0,0.0,0.0,-inf
IAP,2020-07-29,vHB,acc,pe_cy7,2020-04-26,1,5281.17,99.58,99.67,79.83,99.034,98.29,95.22,89.26,72.9,6051.74,5297.97,10.457795367546876,46.77177747625509,5.83438550603905,1.669983874793278
unstained,2020-07-29,vHB,acc,pe_cy7,2020-04-26,1,110.55,0.2,0.61,0.0,0.0,0.0,0.0,0.0,0.0,,462.39,0.0,0.0,0.0,-inf
ALCAM,2020-07-30,cVM,pap,pe,2020-06-08,3,1770.03,91.97,94.56,53.94,72.98,82.49,72.51,63.94,47.99,2674.6,1862.68,5.974631643981803,15.803018796278717,3.791185963874304,1.1987400566592015
APCDD1,2020-07-30,cVM,pap,pe,2020-06-08,3,976.47,90.1,95.13,23.85,52.083,68.47,49.14,35.61,18.2,2001.4,1017.43,2.80967180274465,8.269698120372128,2.8051835853699583,0.9174896562212894
CNTN2,2020-07-30,cVM,pap,pe,2020-06-08,3,542.63,66.43,78.91,5.64,22.551,34.08,18.4,10.42,3.79,2067.56,645.48,1.4169396963286092,4.151224606037592,1.9398822480281748,0.6181762319388164
CORIN,2020-07-30,cVM,pap,pe,2020-06-08,3,123.04,1.68,4.44,0.0,0.06,0.17,0.02,0.02,0.0,,320.61,0.2004942616965908,0.16802734004176953,0.15775378005756366,-0.7746200476596554
FOLR1,2020-07-30,cVM,pap,pe,2020-06-08,3,291.07,16.78,22.58,3.8,9.374,10.38,7.68,5.64,3.01,2296.4,830.21,2.108643963080149,1.7631479020315168,1.1270416238789656,0.24628874471110526
LRTM1,2020-07-30,cVM,pap,pe,2020-06-08,3,117.44,0.16,1.61,0.0,0.016,0.0,0.0,0.0,0.0,,265.63,-0.005373223747027886,0.11486614771217006,0.1099252840715086,-0.9398079437050122
TPBG,2020-07-30,cVM,pap,pe,2020-06-08,3,1380.62,67.93,77.99,34.44,43.437,48.66,41.78,37.76,32.5,3096.51,1658.85,5.211409207496302,12.106322384659197,3.3650043975501385,1.0830122347520108
unstained,2020-07-30,cVM,pap,pe,2020-06-08,3,105.34,0.09,0.7050000000000001,0.0,0.007,0.0,0.0,0.0,0.0,,267.065,0.0,0.0,0.0,-inf
IAP,2020-07-30,cVM,pap,pe_cy7,2020-06-08,3,6797.24,99.91,99.93,90.41,99.756,99.21,97.75,95.21,86.47,7265.64,6802.02,12.914329548941392,59.430654338549076,6.355897495467859,1.7740105119182592
unstained,2020-07-30,cVM,pap,pe_cy7,2020-06-08,3,112.48,0.17,0.56,0.0,0.007,0.0,0.0,0.0,0.0,,488.85,0.0,0.0,0.0,-inf
ALCAM,2020-07-30,rVM,pap,pe,2020-06-08,3,3402.31,96.35,97.6,87.71,90.387,93.6,91.94,90.14,85.48,3783.1,3481.99,11.175854532738875,25.881918381859123,4.657440830340023,1.4129964633327656
APCDD1,2020-07-30,rVM,pap,pe,2020-06-08,3,374.19,51.8,73.65,1.7,5.248,12.67,4.69,2.68,1.35,2044.91,444.13,0.5530378529591746,1.9565045628728321,1.2104878296347692,0.2914808650801346
CNTN2,2020-07-30,rVM,pap,pe,2020-06-08,3,730.58,82.22,91.25,11.75,36.927,50.87,31.3,19.42,8.57,2037.3,783.62,1.7401695952443392,4.77236992849524,2.0997136925473603,0.6787341004797275
CORIN,2020-07-30,rVM,pap,pe,2020-06-08,3,620.29,78.2,85.67,6.73,30.837,52.62,31.19,16.33,3.33,1462.23,698.12,1.441192411924119,3.9009599810374116,1.871099468546829,0.5911714950173099
FOLR1,2020-07-30,rVM,pap,pe,2020-06-08,3,314.84,21.53,33.74,3.89,9.835,11.03,7.69,5.61,3.02,2094.53,638.94,1.234251245738264,1.4875755540631295,0.9996409456785079,0.17247903280691218
LRTM1,2020-07-30,rVM,pap,pe,2020-06-08,3,151.01,2.21,9.42,0.0,0.024,0.07,0.0,0.0,0.0,,284.72,-0.004388495497858188,0.19314186386441745,0.17974549255630387,-0.7141235818666146
TPBG,2020-07-30,rVM,pap,pe,2020-06-08,3,483.24,22.6,40.82,5.1,6.811,7.78,6.02,5.35,5.02,4504.53,868.44,2.0367689483346445,2.8181171729941137,1.5364185642549917,0.4499590464478738
unstained,2020-07-30,rVM,pap,pe,2020-06-08,3,126.565,0.995,4.135,0.0,0.0155,0.02,0.005,0.005,0.0,,285.975,0.0,0.0,0.0,-inf
IAP,2020-07-30,rVM,pap,pe_cy7,2020-06-08,3,42958.51,99.8,99.82,96.54,99.731,99.4,98.76,97.84,95.65,44336.05,43033.98,87.50903930400446,312.2685043389485,10.781684286834077,2.494528183136435
unstained,2020-07-30,rVM,pap,pe_cy7,2020-06-08,3,137.13,0.39,1.35,0.0,0.0155,0.0,0.0,0.0,0.0,,486.21,0.0,0.0,0.0,-inf
ALCAM,2020-07-30,vHB,pap,pe,2020-04-26,1,181.21,14.64,20.54,0.41,3.376,5.33,2.38,1.08,0.27,2072.73,482.54,0.6747592190889372,1.4230794945510465,0.9682023153777809,0.1532291608576998
APCDD1,2020-07-30,vHB,pap,pe,2020-04-26,1,118.95,2.31,5.93,0.01,0.166,0.2,0.09,0.01,0.01,3908.88,325.75,0.13058568329718004,0.590559604198703,0.486305585547455,-0.22873626321854948
CNTN2,2020-07-30,vHB,pap,pe,2020-04-26,1,452.23,51.94,66.48,4.46,14.428,24.41,12.99,7.57,3.38,2134.87,604.14,1.0967982646420824,5.047068262352077,2.166035883999836,0.7030391786711427
CORIN,2020-07-30,vHB,pap,pe,2020-04-26,1,80.82,0.29,0.8,0.0,0.0,0.03,0.0,0.0,0.0,,309.86,0.07543600867678964,0.08069800093601653,0.07821254443973999,-1.0931372235581065
FOLR1,2020-07-30,vHB,pap,pe,2020-04-26,1,132.98,5.11,7.56,0.5,2.036,2.27,1.55,0.85,0.43,2234.63,577.41,1.0040260303687634,0.7781640703349602,0.6100194951883502,-0.10892882546686361
LRTM1,2020-07-30,vHB,pap,pe,2020-04-26,1,84.17,0.1,0.64,0.0,0.035,0.01,0.01,0.0,0.0,,286.72,-0.004876355748373007,0.1254930801631344,0.11962993980036525,-0.9013802210341089
TPBG,2020-07-30,vHB,pap,pe,2020-04-26,1,108.67,1.02,3.39,0.04,0.058,0.08,0.05,0.04,0.04,3955.75,339.26,0.1774750542299349,0.4530988834659358,0.38801800283958743,-0.34380700801542996
unstained,2020-07-30,vHB,pap,pe,2020-04-26,1,74.785,0.09,0.25,0.0,0.0,0.0,0.0,0.0,0.0,,288.125,0.0,0.0,0.0,-inf
IAP,2020-07-30,vHB,pap,pe_cy7,2020-04-26,1,7165.23,99.96,100.0,85.45,99.885,98.32,95.09,91.06,80.61,7994.45,7165.23,13.911408474153,75.74839331619538,6.911977456607101,1.8793734255398789
unstained,2020-07-30,vHB,pap,pe_cy7,2020-04-26,1,93.36,0.08,0.3,0.0,0.0,0.0,0.0,0.0,0.0,,480.52,0.0,0.0,0.0,-inf
ALCAM,2020-09-11,dFB,acc,pe,2020-06-08,3,290.77,16.08,43.68,0.1,4.852,4.94,1.21,0.27,0.02,1938.12,450.01,0.3672089808443088,2.5347678093848773,1.4363874979554454,0.4039381831086824
APCDD1,2020-09-11,dFB,acc,pe,2020-06-08,3,159.87,1.85,11.47,0.07,0.419,0.43,0.25,0.14,0.07,5062.54,400.9,0.2180042230627839,0.9434719183078047,0.7106515093438878,-0.025271021736950332
CNTN2,2020-09-11,dFB,acc,pe,2020-06-08,3,17060.33,99.67,99.85,97.6,99.43,99.46,98.94,98.43,97.13,17438.73,17085.86,50.90982697595285,206.3952103087771,9.532145878544712,2.314699614657673
CORIN,2020-09-11,dFB,acc,pe,2020-06-08,3,90.53,0.05,0.36,0.0,0.028,0.02,0.0,0.0,0.0,,348.92,0.060079903993680704,0.10053488937515209,0.09671990722550881,-0.997683195620609
FOLR1,2020-09-11,dFB,acc,pe,2020-06-08,3,584.05,43.5,70.41,5.65,19.161,27.21,15.59,9.13,3.91,2421.49,751.57,1.2834009327196223,6.100048626306832,2.3998389687527006,0.7853332969865967
LRTM1,2020-09-11,dFB,acc,pe,2020-06-08,3,120.53,0.42,3.32,0.05,0.158,0.14,0.1,0.05,0.05,7934.65,471.13,0.4313752297619591,0.46523219061512294,0.39698603882740935,-0.3323302429486568
TPBG,2020-09-11,dFB,acc,pe,2020-06-08,3,96.84,0.07,0.44,0.0,0.043,0.03,0.02,0.0,0.0,,384.31,0.16760090537605013,0.177242888402626,0.16586698555021767,-0.7514311811912
unstained,2020-09-11,dFB,acc,pe,2020-06-08,3,82.25999999999999,0.025,0.305,0.0,0.0065,0.01,0.0,0.0,0.0,,329.145,0.0,0.0,0.0,-inf
IAP,2020-09-11,dFB,acc,pe_cy7,2020-06-08,3,2587.24,99.74,99.95,9.33,99.449,82.74,51.1,24.77,5.09,5118.28,2588.21,2.6614559755545493,16.679650129834627,3.8810586392445034,1.222186936692859
unstained,2020-09-11,dFB,acc,pe_cy7,2020-06-08,3,146.34,0.11,0.7,0.0,0.0065,0.02,0.0,0.0,0.0,,706.88,0.0,0.0,0.0,-inf
ALCAM,2020-09-11,vFB,acc,pe,2020-06-08,3,180.7,3.59,14.61,0.27,1.33,1.13,0.61,0.39,0.23,2404.78,439.09,0.27531222770839375,0.6481211236774899,0.5254522412108722,-0.1883438237141517
APCDD1,2020-09-11,vFB,acc,pe,2020-06-08,3,188.14,3.12,17.45,0.16,0.937,0.91,0.4,0.25,0.1,2257.36,394.75,0.14652918966018003,0.7159795695001823,0.5702210081528057,-0.14509937012220833
CNTN2,2020-09-11,vFB,acc,pe,2020-06-08,3,14355.45,99.62,99.86,96.45,99.153,99.23,98.51,97.71,95.54,14822.18,14374.83,40.750885855358696,129.93259759211966,8.254994782984616,2.1137181208834854
CORIN,2020-09-11,vFB,acc,pe,2020-06-08,3,125.8,0.54,3.07,0.16,0.236,0.26,0.18,0.16,0.14,5027.12,596.53,0.73258785942492,0.14739146296971906,0.13939889947234094,-0.8315276704288935
FOLR1,2020-09-11,vFB,acc,pe,2020-06-08,3,399.54,16.92,33.91,3.05,8.14,10.47,6.45,4.52,2.43,3077.02,763.45,1.2173976183560848,2.6441079897847506,1.4757228292583604,0.42227918848753676
LRTM1,2020-09-11,vFB,acc,pe,2020-06-08,3,143.14,0.7,5.37,0.06,0.17,0.19,0.12,0.06,0.06,14770.0,513.07,0.4901829799593379,0.3055454213790586,0.27385762859440405,-0.5149242198306158
TPBG,2020-09-11,vFB,acc,pe,2020-06-08,3,117.93,0.34,3.24,0.0,0.139,0.11,0.07,0.03,0.0,,359.81,0.045047923322683675,0.07561109084275817,0.07342282773347286,-1.1214144963171868
unstained,2020-09-11,vFB,acc,pe,2020-06-08,3,109.64,0.24,2.52,0.0,0.0115,0.025,0.005,0.0,0.0,,344.3,0.0,0.0,0.0,-inf
IAP,2020-09-11,vFB,acc,pe_cy7,2020-06-08,3,2188.62,98.7,99.58,5.26,97.534,70.05,34.88,14.45,2.58,4929.91,2195.73,2.297436513538272,13.018831667947731,3.478370059907212,1.1145720116568947
unstained,2020-09-11,vFB,acc,pe_cy7,2020-06-08,3,156.12,0.12,0.79,0.0,0.0115,0.0,0.0,0.0,0.0,,665.89,0.0,0.0,0.0,-inf
ALCAM,2021-03-03,cVM,acc,pe,2020-06-08,3,2037.92,87.66,91.9,48.21,78.379,76.56,67.01,57.38,43.03,3360.51,2199.52,5.610624389510857,13.170427285053716,3.496627787745149,1.119599864903381
APCDD1,2021-03-03,cVM,acc,pe,2020-06-08,3,4359.72,97.8,98.92,75.39,94.164,93.81,88.68,82.33,70.94,5412.96,4404.64,12.23807949507852,29.314779404095546,4.892382187931484,1.4670866304347
CNTN2,2021-03-03,cVM,acc,pe,2020-06-08,3,1512.93,93.31,96.67,36.02,82.309,77.51,62.2,48.26,29.35,2631.83,1557.46,3.6809226838981144,9.519973577165109,3.0052137772715386,0.9786357429950505
CORIN,2021-03-03,cVM,acc,pe,2020-06-08,3,959.99,50.49,62.45,15.71,36.208,32.51,24.41,19.94,13.63,3652.7,1416.13,3.256157487414532,5.675172965267879,2.3090765271355553,0.753979102291008
FOLR1,2021-03-03,cVM,acc,pe,2020-06-08,3,443.96,22.86,37.18,4.07,10.222,11.02,7.69,5.78,3.36,3479.37,864.99,1.5997144789240363,2.0870215207036815,1.2643777125734712,0.31952692739543354
LRTM1,2021-03-03,cVM,acc,pe,2020-06-08,3,148.18,0.26,1.47,0.0,0.118,0.07,0.04,0.0,0.0,,371.36,0.11611691336689454,0.030351493237840345,0.029989579068142584,-1.5178199375705574
unstained,2021-03-03,cVM,acc,pe,2020-06-08,3,143.815,0.105,1.035,0.0,0.008,0.0,0.0,0.0,0.0,,332.725,0.0,0.0,0.0,-inf
IAP,2021-03-03,cVM,acc,pe_cy7,2020-06-08,3,15227.29,99.84,99.95,89.68,99.759,98.19,95.95,93.37,87.44,16579.87,15235.17,20.89433067471438,76.01441432328546,6.9202237579565535,1.8808959536951333
unstained,2021-03-03,cVM,acc,pe_cy7,2020-06-08,3,197.72,0.0,0.27,0.0,0.008,0.0,0.0,0.0,0.0,,695.85,0.0,0.0,0.0,-inf
ALCAM,2021-03-03,dFB,pap,pe,2020-06-08,3,319.85,22.82,37.22,0.19,8.837,5.85,1.81,0.66,0.14,12056.14,561.06,0.5330974273496099,2.9063263312164147,1.5663451730248052,0.46334437661364425
APCDD1,2021-03-03,dFB,pap,pe,2020-06-08,3,104.36,0.11,0.62,0.01,0.038,0.03,0.03,0.03,0.0,1551.27,385.93,0.054554397278428354,0.2745481191988276,0.24857311649926472,-0.5613815270934445
CNTN2,2021-03-03,dFB,pap,pe,2020-06-08,3,717.02,63.46,76.28,8.1,40.555,34.05,20.32,13.31,6.2,2627.47,877.3,1.3972237782301586,7.756961406936981,2.7168612468300783,0.8896916307124587
CORIN,2021-03-03,dFB,pap,pe,2020-06-08,3,142.86,0.61,2.53,0.0,0.185,0.09,0.01,0.0,0.0,,373.73,0.021217876026396087,0.7447484123106989,0.5887742421208103,-0.127990413961106
FOLR1,2021-03-03,dFB,pap,pe,2020-06-08,3,713.37,60.28,73.2,7.64,21.425,32.28,19.52,12.57,5.39,2877.07,896.72,1.4502889620592136,7.712383976551051,2.708988642936426,0.8871886436574843
LRTM1,2021-03-03,dFB,pap,pe,2020-06-08,3,81.97,0.07,0.19,0.0,0.011,0.01,0.01,0.01,0.0,,453.76,0.23989999043624397,0.0010991695163654546,0.0010986865653870744,-2.9589353245511267
unstained,2021-03-03,dFB,pap,pe,2020-06-08,3,81.88,0.05,0.225,0.0,0.014,0.0,0.0,0.0,0.0,,365.965,0.0,0.0,0.0,-inf
IAP,2021-03-03,dFB,pap,pe_cy7,2020-06-08,3,5390.48,97.45,97.97,62.12,96.876,92.13,84.29,74.92,53.63,7022.35,5492.68,6.2958491067277675,30.5657316858933,4.972709684040377,1.485234796439967
unstained,2021-03-03,dFB,pap,pe_cy7,2020-06-08,3,170.77,0.11,0.41,0.0,0.014,0.0,0.0,0.0,0.0,,752.85,0.0,0.0,0.0,-inf
ALCAM,2021-03-03,rVM,acc,pe,2020-06-08,3,3486.54,95.29,96.58,81.88,90.8,92.71,90.19,86.73,77.87,4053.33,3602.78,9.061242442436853,18.85275025623505,4.089377484869067,1.275374714434695
APCDD1,2021-03-03,rVM,acc,pe,2020-06-08,3,1056.95,81.35,90.89,11.84,45.6,51.01,31.4,19.92,9.09,3668.98,1139.4,2.181926079003589,5.018391982689899,2.1592264301940443,0.7005645807072792
CNTN2,2021-03-03,rVM,acc,pe,2020-06-08,3,1062.37,83.77,91.35,18.64,45.6,57.19,39.61,27.68,14.63,2568.87,1141.82,2.1886842509460043,5.049254071290285,2.1665538646264006,0.7032272243265447
CORIN,2021-03-03,rVM,acc,pe,2020-06-08,3,12725.29,96.63,97.74,83.29,91.8,94.03,91.09,87.57,80.59,14967.32,13014.62,35.34505773768799,71.45923015601868,6.775754621920522,1.8540583331539393
FOLR1,2021-03-03,rVM,acc,pe,2020-06-08,3,513.48,32.57,50.22,5.42,12.932,15.47,10.29,7.53,4.4,3006.56,813.63,1.2721700154991133,1.923812777587974,1.1966920818875293,0.2841628049072168
LRTM1,2021-03-03,rVM,acc,pe,2020-06-08,3,183.93,1.88,7.61,0.0,0.065,0.16,0.05,0.01,0.0,,371.45,0.0373235405001606,0.04731807311240179,0.04644708691491114,-1.3249729490333244
unstained,2021-03-03,rVM,acc,pe,2020-06-08,3,175.62,1.535,6.1850000000000005,0.0,0.052,0.03,0.01,0.0,0.0,,358.085,0.0,0.0,0.0,-inf
IAP,2021-03-03,rVM,acc,pe_cy7,2020-06-08,3,54378.84,99.97,100.0,97.73,100.0,99.68,99.05,98.43,97.14,55559.48,54378.84,70.32773682415593,200.73934335002778,9.452005724244593,2.3026324991705294
unstained,2021-03-03,rVM,acc,pe_cy7,2020-06-08,3,269.55,0.98,2.44,0.0,0.052,0.0,0.0,0.0,0.0,,762.38,0.0,0.0,0.0,-inf
LRTM1,2021-03-10,rVM,acc,af488,2020-09-07,6,208.74,1.92,8.59,0.0,0.3,0.34,0.07,0.02,0.0,,443.65,0.006968087520995037,0.38504412447747327,0.3365763373335638,-0.41448949927321366
unstained,2021-03-10,rVM,acc,af488,2020-09-07,6,150.71,0.23,1.1,0.0,0.0,0.0,0.0,0.0,0.0,,440.58,0.0,0.0,0.0,-inf
ALCAM,2021-03-10,rVM,acc,pe,2020-09-07,6,6248.08,99.42,99.59,95.47,97.5,98.66,97.87,96.84,94.46,6432.23,6221.76,16.020270824784575,41.390040367719386,5.578467846955954,1.6168958499685113
APCDD1,2021-03-10,rVM,acc,pe,2020-09-07,6,1353.86,91.93,95.74,23.24,31.75,66.4,46.61,33.11,18.66,3118.88,1403.16,2.8384899466557254,8.185250517317412,2.790910323511256,0.913031975943882
CNTN2,2021-03-10,rVM,acc,pe,2020-09-07,6,4870.39,97.46,98.37,68.86,81.8,90.97,84.6,76.95,64.29,6546.89,4947.12,12.533360689372183,32.04311543810848,5.064360900521631,1.5057347343723295
CORIN,2021-03-10,rVM,acc,pe,2020-09-07,6,27370.42,100.0,100.0,97.63,96.65,99.68,99.15,98.54,97.03,27973.83,27370.42,73.87462727397075,184.69435869602086,9.214439729556911,2.2664536305533725
FOLR1,2021-03-10,rVM,acc,pe,2020-09-07,6,647.46,34.28,46.58,6.99,21.8,16.68,12.36,9.34,5.67,4262.63,1146.44,2.1362057174121194,3.3926863190745955,1.7222714040540683,0.530543707510559
TPBG,2021-03-10,rVM,acc,pe,2020-09-07,6,1491.07,86.77,92.04,28.62,71.8,62.19,47.96,38.53,22.85,2645.5,1389.99,2.8024620434961025,9.116150480002712,2.9427896372881626,0.9598114854525487
unstained,2021-03-10,rVM,acc,pe,2020-09-07,6,147.395,0.2299999999999999,0.8300000000000001,0.0,0.0,0.0,0.0,0.0,0.0,,365.5499999999999,0.0,0.0,0.0,-inf
IAP,2021-03-10,rVM,acc,pe_cy7,2020-09-07,6,28356.28,100.0,100.0,99.05,100.0,99.92,99.73,99.54,98.44,28564.42,28356.28,29.51818847130742,130.56535053124855,8.267781470235198,2.1158279390398675
unstained,2021-03-10,rVM,acc,pe_cy7,2020-09-07,6,215.53,0.21,0.21,0.0,0.0,0.0,0.0,0.0,0.0,,929.16,0.0,0.0,0.0,-inf
LRTM1,2021-03-11,cVM,acc,af488,2020-08-17,5,159.77,0.68,2.53,0.0,0.135,0.11,0.02,0.0,0.0,,413.3,0.01740393373212218,0.13844947983468722,0.13136321950207863,-0.858708671593014
unstained,2021-03-11,cVM,acc,af488,2020-08-17,5,140.34,0.22,1.06,0.0,0.015,0.06,0.03,0.0,0.0,,406.23,0.0,0.0,0.0,-inf
ALCAM,2021-03-11,cVM,acc,pe,2020-08-17,5,4270.6,98.88,99.27,82.59,95.732,95.84,91.98,88.26,79.27,4831.73,4203.95,12.386244228626014,31.57886104436053,5.035919839728797,1.4993964622438591
APCDD1,2021-03-11,cVM,acc,pe,2020-08-17,5,12036.21,99.89,99.94,94.73,96.204,99.33,98.35,97.11,93.34,12606.97,12042.88,37.347014806559464,90.81988785902277,7.346883659087604,1.9581809613148082
CNTN2,2021-03-11,cVM,acc,pe,2020-08-17,5,2576.45,95.77,97.3,54.01,83.855,83.62,72.96,63.67,48.13,4046.43,2642.47,7.414169718197738,18.654804134721743,4.071179240499523,1.2707906935453763
CORIN,2021-03-11,cVM,acc,pe,2020-08-17,5,1027.31,79.17,85.23,15.4,42.347,44.13,28.66,20.4,13.17,3594.58,1169.43,2.7237064161757685,6.8369760079337825,2.547440670631268,0.8348640558923958
FOLR1,2021-03-11,cVM,acc,pe,2020-08-17,5,410.22,19.57,27.24,2.61,8.906,6.69,4.63,3.38,2.29,6580.14,1056.5,2.3641139945868495,2.129419842087195,1.2814914172971383,0.3282612965372991
TPBG,2021-03-11,cVM,acc,pe,2020-08-17,5,7121.26,98.37,98.86,89.88,96.1565,95.56,93.54,91.75,88.68,7723.03,7105.15,21.624263652284665,53.32551397947896,6.116569131677291,1.7269350501013214
unstained,2021-03-11,cVM,acc,pe,2020-08-17,5,131.085,0.21,0.81,0.0,0.015,0.0,0.0,0.0,0.0,,314.05,0.0,0.0,0.0,-inf
IAP,2021-03-11,cVM,acc,pe_cy7,2020-08-17,5,24428.32,100.0,100.0,99.58,100.0,99.98,99.95,99.87,99.26,24508.38,24428.32,37.21582553737367,187.6793851857573,9.259847952556854,2.273416572079263
unstained,2021-03-11,cVM,acc,pe_cy7,2020-08-17,5,129.47,0.22,1.32,0.0,0.015,0.0,0.0,0.0,0.0,,639.22,0.0,0.0,0.0,-inf
LRTM1,2021-03-17,dFB,acc,af488,2020-06-23,4,119.47,2.44,6.69,0.15,0.603,1.14,0.57,0.37,0.12,1522.5,403.92,0.4509663050506503,0.35346097201767307,0.31201327586986105,-0.45165853256889565
unstained,2021-03-17,dFB,acc,af488,2020-06-23,4,88.27,0.16,1.4400000000000002,0.0,0.004,0.02,0.0,0.0,0.0,,278.38,0.0,0.0,0.0,-inf
ALCAM,2021-03-17,dFB,acc,pe,2020-06-23,4,978.24,70.88,82.28,19.15,33.768,49.98,36.08,26.73,15.62,2450.8,1055.02,2.6063511596506515,8.5891780620497,2.858257957064754,0.9339516061833425
APCDD1,2021-03-17,dFB,acc,pe,2020-06-23,4,214.37,12.28,26.14,0.6,1.791,3.72,1.67,0.98,0.41,1917.64,418.91,0.4319506400724675,1.1013576434838015,0.8005610114197967,0.04192837017052373
CNTN2,2021-03-17,dFB,acc,pe,2020-06-23,4,25763.5,99.89,99.96,98.24,99.008,99.71,99.41,99.02,97.69,26141.79,25738.68,86.98195149464185,251.54619418712934,10.11604478572893,2.4006177509758904
CORIN,2021-03-17,dFB,acc,pe,2020-06-23,4,242.17,19.03,36.48,0.37,1.524,4.82,1.53,0.62,0.3,2157.0,404.22,0.38173614315746296,1.3738665882468262,0.9437600130748137,0.1379445618346553
FOLR1,2021-03-17,dFB,acc,pe,2020-06-23,4,1825.61,93.26,97.46,44.81,65.679,78.17,65.64,55.18,39.25,3163.02,1868.27,5.38626536088465,16.895505562907413,3.90263972898518,1.2277711916655718
TPBG,2021-03-17,dFB,acc,pe,2020-06-23,4,231.16,15.22,32.08,0.31,1.08,3.27,1.02,0.52,0.29,4596.39,412.94,0.41154352321865006,1.2659412831446355,0.8887041352532741,0.10241356271320837
unstained,2021-03-17,dFB,acc,pe,2020-06-23,4,102.015,0.285,1.78,0.0,0.004,0.01,0.0,0.0,0.0,,292.545,0.0,0.0,0.0,-inf
IAP,2021-03-17,dFB,acc,pe_cy7,2020-06-23,4,7008.72,99.97,100.0,86.82,99.797,99.58,97.76,93.57,81.39,7656.84,7008.72,12.163645925285953,62.77941577941578,6.47905433794895,1.79781726987061
unstained,2021-03-17,dFB,acc,pe_cy7,2020-06-23,4,109.89,0.14,1.92,0.0,0.004,0.0,0.0,0.0,0.0,,532.43,0.0,0.0,0.0,-inf
LRTM1,2021-03-17,dHB,acc,af488,2020-06-08,3,156.75,1.86,5.77,0.02,0.502,0.52,0.18,0.07,0.02,10342.08,521.81,0.2524842782391625,0.28210371339767704,0.25478118156166907,-0.5495911970863708
unstained,2021-03-17,dHB,acc,af488,2020-06-08,3,122.26,0.18,1.96,0.0,0.049,0.09,0.09,0.0,0.0,,416.62000000000006,0.0,0.0,0.0,-inf
ALCAM,2021-03-17,dHB,acc,pe,2020-06-08,3,258.17,5.26,13.52,0.71,1.948,2.32,1.16,0.83,0.51,8391.09,919.18,1.3836728343036446,0.963419271427485,0.7223262417983098,-0.016184670673747317
APCDD1,2021-03-17,dHB,acc,pe,2020-06-08,3,426.66,17.46,37.36,4.01,8.763,9.4,6.69,5.18,3.31,3086.79,824.46,1.1380392360255696,2.244809491216062,1.3271458407662229,0.35117948991648723
CNTN2,2021-03-17,dHB,acc,pe,2020-06-08,3,20390.89,99.51,99.8,94.68,98.227,98.81,97.75,96.52,93.46,21421.72,20430.44,51.98144522386317,154.07559510228913,8.711301970721491,2.187733853826962
CORIN,2021-03-17,dHB,acc,pe,2020-06-08,3,229.06,4.48,16.45,0.24,1.511,1.5,0.7,0.35,0.21,2679.61,489.5,0.26940082724997727,0.742033614723553,0.5870339519179837,-0.1295764203836703
FOLR1,2021-03-17,dHB,acc,pe,2020-06-08,3,553.85,32.99,58.11,3.98,9.797,18.71,10.09,6.32,2.84,3142.8,802.37,1.0807541200420108,3.212107384591984,1.6660703288132832,0.5067900558333475
TPBG,2021-03-17,dHB,acc,pe,2020-06-08,3,212.9,2.25,12.02,0.17,0.428,0.39,0.26,0.24,0.15,5094.36,489.24,0.26872657961956875,0.6191345349456232,0.5058780956122947,-0.20821497063091643
unstained,2021-03-17,dHB,acc,pe,2020-06-08,3,131.49,0.255,1.67,0.0,0.049,0.0,0.0,0.0,0.0,,385.615,0.0,0.0,0.0,-inf
IAP,2021-03-17,dHB,acc,pe_cy7,2020-06-08,3,33552.79,99.86,99.88,98.21,99.662,99.68,99.3,98.77,97.73,34091.84,33593.12,51.59855637496674,173.56318609853807,9.039787557506335,2.239457613871979
unstained,2021-03-17,dHB,acc,pe_cy7,2020-06-08,3,192.21,0.5,2.13,0.0,0.049,0.0,0.0,0.0,0.0,,638.67,0.0,0.0,0.0,-inf
LRTM1,2021-03-17,dMB_2,acc,af488,2020-06-23,4,124.63,0.89,6.49,0.0,0.17,0.2,0.03,0.0,0.0,,287.96,0.030342063832832264,0.16313579094726993,0.15342652255536715,-0.7874507470794639
unstained,2021-03-17,dMB_2,acc,af488,2020-06-23,4,107.15000000000002,0.31,2.52,0.0,0.02,0.02,0.0,0.0,0.0,,279.48,0.0,0.0,0.0,-inf
ALCAM,2021-03-17,dMB_2,acc,pe,2020-06-23,4,676.49,50.55,66.24,7.61,16.444,27.58,17.09,11.51,6.11,2898.52,808.16,1.7125834927667571,5.191278085388734,2.199893402303562,0.7152742937054818
APCDD1,2021-03-17,dMB_2,acc,pe,2020-06-23,4,1786.25,82.72,93.03,31.44,44.653,60.63,46.11,38.08,28.4,4384.55,1906.32,5.39854999496526,15.347869857685442,3.743035437371993,1.1860481079403584
CNTN2,2021-03-17,dMB_2,acc,pe,2020-06-23,4,9624.96,97.85,98.84,88.41,91.45,95.76,93.51,90.91,86.4,10754.93,9736.19,31.679454905514717,87.08822587287786,7.244853034263592,1.9399594433648923
CORIN,2021-03-17,dMB_2,acc,pe,2020-06-23,4,180.35,6.85,17.83,0.34,0.898,1.73,0.89,0.58,0.29,2424.12,395.05,0.3259826133655557,0.6505742918592412,0.5270961495699392,-0.18670310232724424
FOLR1,2021-03-17,dMB_2,acc,pe,2020-06-23,4,428.57,31.46,44.49,5.69,12.856,17.67,11.83,8.44,4.35,2595.99,781.99,1.6247440673983822,2.9222989978492655,1.5717062673825413,0.46572464913174366
TPBG,2021-03-17,dMB_2,acc,pe,2020-06-23,4,1973.14,57.85,71.99,27.27,32.48,38.76,31.85,29.15,26.07,6096.25,2619.85,7.793508542275031,17.058298631766807,3.9187783403910346,1.2319357131338344
unstained,2021-03-17,dMB_2,acc,pe,2020-06-23,4,109.265,0.305,1.5599999999999998,0.0,0.02,0.03,0.0,0.0,0.0,,297.93,0.0,0.0,0.0,-inf
IAP,2021-03-17,dMB_2,acc,pe_cy7,2020-06-23,4,13663.77,99.82,99.91,90.03,99.51,99.31,97.7,94.32,87.0,14842.64,13675.77,22.899496697074554,136.54550030199314,8.386260795106177,2.1352773930424798
unstained,2021-03-17,dMB_2,acc,pe_cy7,2020-06-23,4,99.34,0.2,1.16,0.0,0.02,0.0,0.0,0.0,0.0,,572.22,0.0,0.0,0.0,-inf
LRTM1,2021-03-17,vFB,acc,af488,2020-06-23,4,107.17,1.275,3.595,0.06,0.75,0.525,0.29,0.145,0.035,1657.78,435.14,0.2253840413398853,0.18054637585371208,0.16876294764995728,-0.7434112248363317
unstained,2021-03-17,vFB,acc,af488,2020-06-23,4,90.78000000000002,0.1999999999999999,1.16,0.0,0.0,0.015,0.0,0.0,0.0,,355.105,0.0,0.0,0.0,-inf
ALCAM,2021-03-17,vFB,acc,pe,2020-06-23,4,383.7000000000001,28.45,41.935,3.27,12.817,14.925,8.505,5.315,2.305,3663.57,744.48,1.0708762169680113,2.867163878250354,1.5531260183685054,0.45745251658995306
APCDD1,2021-03-17,vFB,acc,pe,2020-06-23,4,164.26,5.16,13.065,0.105,0.612,0.895,0.25,0.1599999999999999,0.1,2492.8900000000003,398.44,0.10831710709318497,0.6555130014110058,0.5303997404749853,-0.18341869011415507
CNTN2,2021-03-17,vFB,acc,pe,2020-06-23,4,10875.93,90.46,96.25,63.725,99.089,82.515,74.55,68.78,61.1,11981.355,10937.18,29.423310152990265,108.61429147349325,7.792146973712721,2.035886973500701
CORIN,2021-03-17,vFB,acc,pe,2020-06-23,4,176.725,2.725,8.855,0.285,0.691,0.85,0.52,0.38,0.235,5646.875,594.01,0.6523226703755215,0.7811429147349325,0.6118978582122703,-0.10726950209882381
FOLR1,2021-03-17,vFB,acc,pe,2020-06-23,4,414.645,23.845,42.94,3.125,5.75,11.55,6.625,4.5,2.515,3376.615,736.03,1.0473713490959666,3.1790465631929044,1.6555729250257638,0.5022968890313635
TPBG,2021-03-17,vFB,acc,pe,2020-06-23,4,123.08,0.675,3.1100000000000003,0.115,0.304,0.23,0.205,0.14,0.11,3917.335,636.225,0.769749652294854,0.24047571054222938,0.22020619018711907,-0.6189287833658437
unstained,2021-03-17,vFB,acc,pe,2020-06-23,4,99.22,0.1475,0.94,0.0,0.0,0.0425,0.01,0.0025,0.0,,359.5,0.0,0.0,0.0,-inf
IAP,2021-03-17,vFB,acc,pe_cy7,2020-06-23,4,10440.465,99.945,99.99,89.14,98.877,99.095,96.615,93.235,86.16499999999999,11253.875,10441.07,16.5713468302452,98.19210488812884,7.539072850374097,1.992076569850473
unstained,2021-03-17,vFB,acc,pe_cy7,2020-06-23,4,105.255,0.155,1.27,0.0,0.0,0.0,0.0,0.0,0.0,,594.21,0.0,0.0,0.0,-inf
LRTM1,2021-03-17,vFB,pap,af488,2020-06-08,3,107.17,1.275,3.595,0.06,0.042,0.525,0.29,0.145,0.035,1657.78,435.14,0.2253840413398853,0.18054637585371208,0.16876294764995728,-0.7434112248363317
unstained,2021-03-17,vFB,pap,af488,2020-06-08,3,90.78000000000002,0.1999999999999999,1.16,0.0,0.0143333333333333,0.015,0.0,0.0,0.0,,355.105,0.0,0.0,0.0,-inf
ALCAM,2021-03-17,vFB,pap,pe,2020-06-08,3,383.7000000000001,28.45,41.935,3.27,4.785,14.925,8.505,5.315,2.305,3663.57,744.48,1.0708762169680113,2.867163878250354,1.5531260183685054,0.45745251658995306
APCDD1,2021-03-17,vFB,pap,pe,2020-06-08,3,164.26,5.16,13.065,0.105,0.12,0.895,0.25,0.1599999999999999,0.1,2492.8900000000003,398.44,0.10831710709318497,0.6555130014110058,0.5303997404749853,-0.18341869011415507
CNTN2,2021-03-17,vFB,pap,pe,2020-06-08,3,10875.93,90.46,96.25,63.725,60.053,82.515,74.55,68.78,61.1,11981.355,10937.18,29.423310152990265,108.61429147349325,7.792146973712721,2.035886973500701
CORIN,2021-03-17,vFB,pap,pe,2020-06-08,3,176.725,2.725,8.855,0.285,0.533,0.85,0.52,0.38,0.235,5646.875,594.01,0.6523226703755215,0.7811429147349325,0.6118978582122703,-0.10726950209882381
FOLR1,2021-03-17,vFB,pap,pe,2020-06-08,3,414.645,23.845,42.94,3.125,8.489,11.55,6.625,4.5,2.515,3376.615,736.03,1.0473713490959666,3.1790465631929044,1.6555729250257638,0.5022968890313635
TPBG,2021-03-17,vFB,pap,pe,2020-06-08,3,123.08,0.675,3.1100000000000003,0.115,0.175,0.23,0.205,0.14,0.11,3917.335,636.225,0.769749652294854,0.24047571054222938,0.22020619018711907,-0.6189287833658437
unstained,2021-03-17,vFB,pap,pe,2020-06-08,3,99.22,0.1475,0.94,0.0,0.0143333333333333,0.0425,0.01,0.0025,0.0,,359.5,0.0,0.0,0.0,-inf
IAP,2021-03-17,vFB,pap,pe_cy7,2020-06-08,3,10440.465,99.945,99.99,89.14,99.989,99.095,96.615,93.235,86.16499999999999,11253.875,10441.07,16.5713468302452,98.19210488812884,7.539072850374097,1.992076569850473
unstained,2021-03-17,vFB,pap,pe_cy7,2020-06-08,3,105.255,0.155,1.27,0.0,0.0143333333333333,0.0,0.0,0.0,0.0,,594.21,0.0,0.0,0.0,-inf
LRTM1,2021-03-17,vHB,acc,af488,2020-06-23,4,96.04,1.41,3.95,0.02,0.197,0.47,0.08,0.03,0.02,15882.24,408.96,0.4361063314253608,0.22829006266786045,0.20990965163169562,-0.6415129926816536
unstained,2021-03-17,vHB,acc,af488,2020-06-23,4,78.19,0.18,1.68,0.0,0.008,0.05,0.0,0.0,0.0,,284.77,0.0,0.0,0.0,-inf
ALCAM,2021-03-17,vHB,acc,pe,2020-06-23,4,314.94,16.3,28.1,2.35,4.595,7.08,4.13,2.97,2.05,4617.41,783.51,1.7225532949945268,2.220739377205093,1.3177308636314766,0.3464975933601979
APCDD1,2021-03-17,vHB,acc,pe,2020-06-23,4,224.81,15.62,31.34,0.43,1.463,3.81,1.42,0.74,0.38,2368.39,406.31,0.4118525982938651,1.2990233675921665,0.90579926500716,0.11361696348646508
CNTN2,2021-03-17,vHB,acc,pe,2020-06-23,4,15846.77,99.4,99.65,95.07,96.034,98.59,97.69,96.56,94.08,16590.49,15902.67,54.25885643796584,161.05726849721327,8.832596454980242,2.2069803292612695
CORIN,2021-03-17,vHB,acc,pe,2020-06-23,4,173.51,4.94,13.05,0.4,0.81,1.32,0.73,0.54,0.3,4738.11,481.06,0.6715951144083255,0.7744030270491384,0.6076443037794862,-0.11103295809097485
FOLR1,2021-03-17,vHB,acc,pe,2020-06-23,4,253.52,13.69,26.24,0.79,2.502,4.43,2.07,1.29,0.55,6330.63,583.75,1.0284239970811542,1.5926266809837912,1.0494793912174616,0.2021139871072842
TPBG,2021-03-17,vHB,acc,pe,2020-06-23,4,160.33,4.78,13.97,0.17,0.272,0.59,0.3,0.23,0.17,3949.82,372.22,0.2933961116805949,0.6396175282507544,0.5197386462006196,-0.19407964323994825
unstained,2021-03-17,vHB,acc,pe,2020-06-23,4,97.785,0.145,1.105,0.0,0.008,0.02,0.0,0.0,0.0,,287.785,0.0,0.0,0.0,-inf
IAP,2021-03-17,vHB,acc,pe_cy7,2020-06-23,4,23428.41,100.0,100.0,99.72,100.0,100.0,99.99,99.93,99.54,23472.39,23428.41,41.199664973522104,212.8994795946316,9.622174078761269,2.3281745998626717
unstained,2021-03-17,vHB,acc,pe_cy7,2020-06-23,4,109.53000000000002,0.27,2.27,0.0,0.008,0.0,0.0,0.0,0.0,,555.18,0.0,0.0,0.0,-inf
LRTM1,2021-03-18,dFB,pap,af488,2020-06-23,4,117.915,1.18,4.405,0.0,0.021,0.3199999999999999,0.095,0.015,0.0,,358.955,0.08658998032389877,0.20988097681099951,0.19419839845255407,-0.678026923210883
unstained,2021-03-18,dFB,pap,af488,2020-06-23,4,97.46,0.18,1.3150000000000002,0.0,0.0146666666666666,0.06,0.015,0.015,0.0,,330.35,0.0,0.0,0.0,-inf
ALCAM,2021-03-18,dFB,pap,pe,2020-06-23,4,1271.195,77.23,85.845,28.04,34.049,58.81,45.665,36.27,23.98,3015.34,1442.995,3.9377053107035307,11.308537677616131,3.260594355187778,1.0534064493461677
APCDD1,2021-03-18,dFB,pap,pe,2020-06-23,4,151.23,5.1899999999999995,11.745,0.15,0.155,1.13,0.495,0.27,0.105,1840.525,377.45,0.2915754174650971,0.46430732734622726,0.396304544806353,-0.3331944625734908
CNTN2,2021-03-18,dFB,pap,pe,2020-06-23,4,8193.255000000001,99.135,99.585,87.38499999999999,88.79,97.005,94.285,91.225,84.50999999999999,9051.01,8219.16,27.1246920339447,78.33242961922976,6.991131215276962,1.8939415971651072
CORIN,2021-03-18,dFB,pap,pe,2020-06-23,4,204.025,15.72,25.04,0.3349999999999999,0.262,4.42,1.525,0.645,0.2299999999999999,2368.485,443.93,0.5190596769778264,0.9755028926920191,0.7293524362218498,-0.010771438439305179
FOLR1,2021-03-18,dFB,pap,pe,2020-06-23,4,1981.9249999999995,95.065,98.23,50.405,67.478,83.155,70.86,60.6,44.455,3146.5,2012.09,5.885060224473035,18.190288300936793,4.027890943861984,1.2598395823242727
TPBG,2021-03-18,dFB,pap,pe,2020-06-23,4,348.85,36.065,54.115,1.205,6.822,12.775,5.1850000000000005,2.51,0.785,3372.975,502.655,0.7200075280591294,2.3777928396795045,1.3781775779990473,0.37617401491551095
unstained,2021-03-18,dFB,pap,pe,2020-06-23,4,103.2775,0.2799999999999999,1.855,0.0,0.0146666666666666,0.005,0.0,0.0,0.0,,292.24,0.0,0.0,0.0,-inf
IAP,2021-03-18,dFB,pap,pe_cy7,2020-06-23,4,16579.955,99.995,99.995,98.315,99.989,99.975,99.845,99.435,97.26,16769.515,16581.14,28.710246463415725,153.93837024577144,8.708874512322792,2.1873468843475674
unstained,2021-03-18,dFB,pap,pe_cy7,2020-06-23,4,107.01,0.24,1.67,0.0,0.0146666666666666,0.0,0.0,0.0,0.0,,558.095,0.0,0.0,0.0,-inf
LRTM1,2021-03-18,dFB,tryp,af488,2020-06-23,4,117.915,1.18,4.405,0.0,0.19,0.3199999999999999,0.095,0.015,0.0,,358.955,0.08658998032389877,0.20988097681099951,0.19419839845255407,-0.678026923210883
unstained,2021-03-18,dFB,tryp,af488,2020-06-23,4,97.46,0.18,1.3150000000000002,0.0,0.0,0.06,0.015,0.015,0.0,,330.35,0.0,0.0,0.0,-inf
ALCAM,2021-03-18,dFB,tryp,pe,2020-06-23,4,1271.195,77.23,85.845,28.04,47.207,58.81,45.665,36.27,23.98,3015.34,1442.995,3.9377053107035307,11.308537677616131,3.260594355187778,1.0534064493461677
APCDD1,2021-03-18,dFB,tryp,pe,2020-06-23,4,151.23,5.1899999999999995,11.745,0.15,0.579,1.13,0.495,0.27,0.105,1840.525,377.45,0.2915754174650971,0.46430732734622726,0.396304544806353,-0.3331944625734908
CNTN2,2021-03-18,dFB,tryp,pe,2020-06-23,4,8193.255000000001,99.135,99.585,87.38499999999999,96.441,97.005,94.285,91.225,84.50999999999999,9051.01,8219.16,27.1246920339447,78.33242961922976,6.991131215276962,1.8939415971651072
CORIN,2021-03-18,dFB,tryp,pe,2020-06-23,4,204.025,15.72,25.04,0.3349999999999999,2.177,4.42,1.525,0.645,0.2299999999999999,2368.485,443.93,0.5190596769778264,0.9755028926920191,0.7293524362218498,-0.010771438439305179
FOLR1,2021-03-18,dFB,tryp,pe,2020-06-23,4,1981.9249999999995,95.065,98.23,50.405,76.242,83.155,70.86,60.6,44.455,3146.5,2012.09,5.885060224473035,18.190288300936793,4.027890943861984,1.2598395823242727
TPBG,2021-03-18,dFB,tryp,pe,2020-06-23,4,348.85,36.065,54.115,1.205,1.554,12.775,5.1850000000000005,2.51,0.785,3372.975,502.655,0.7200075280591294,2.3777928396795045,1.3781775779990473,0.37617401491551095
unstained,2021-03-18,dFB,tryp,pe,2020-06-23,4,103.2775,0.2799999999999999,1.855,0.0,0.0,0.005,0.0,0.0,0.0,,292.24,0.0,0.0,0.0,-inf
IAP,2021-03-18,dFB,tryp,pe_cy7,2020-06-23,4,16579.955,99.995,99.995,98.315,99.955,99.975,99.845,99.435,97.26,16769.515,16581.14,28.710246463415725,153.93837024577144,8.708874512322792,2.1873468843475674
unstained,2021-03-18,dFB,tryp,pe_cy7,2020-06-23,4,107.01,0.24,1.67,0.0,0.0,0.0,0.0,0.0,0.0,,558.095,0.0,0.0,0.0,-inf
LRTM1,2021-03-18,dMB_2,pap,af488,2020-06-23,4,125.55,0.3249999999999999,2.915,0.0,0.0,0.055,0.025,0.0,0.0,,320.94,-0.05647508452153472,0.05788675429726989,0.05659114984779728,-1.2374208005852545
unstained,2021-03-18,dMB_2,pap,af488,2020-06-23,4,118.68,0.435,2.335,0.0,0.0036666666666666,0.095,0.045,0.02,0.0,1403.59,340.15000000000003,0.0,0.0,0.0,-inf
ALCAM,2021-03-18,dMB_2,pap,pe,2020-06-23,4,777.9649999999999,60.605,73.97,12.12,15.663,37.165,24.855,17.5,9.935,3047.355,983.185,2.2943039035014237,5.771832089308641,2.3301226345588555,0.7613136883695836
APCDD1,2021-03-18,dMB_2,pap,pe,2020-06-23,4,957.32,58.06,71.2,18.34,15.856,38.18,28.39,22.755,15.975,2993.83,1196.52,3.0091137543977213,7.333035928013405,2.6406561409883365,0.8652838128150219
CNTN2,2021-03-18,dMB_2,pap,pe,2020-06-23,4,1003.84,72.22,82.17500000000001,19.73,19.786,50.489999999999995,36.295,27.145000000000003,16.44,2845.975,1164.235,2.900938180599765,7.737971405566557,2.713511443636698,0.8886271205225222
CORIN,2021-03-18,dMB_2,pap,pe,2020-06-23,4,157.78,4.21,11.545,0.245,0.158,0.96,0.48,0.29,0.1999999999999999,1958.055,371.025,0.2431730608142067,0.37340325985245804,0.3275755743015997,-0.4278218949307151
FOLR1,2021-03-18,dMB_2,pap,pe,2020-06-23,4,373.66,30.12,44.239999999999995,3.89,9.297,15.205,9.35,6.055,3.04,2297.67,656.35,1.1991958452002012,2.2525406393489003,1.3301580082926279,0.35267263507208296
TPBG,2021-03-18,dMB_2,pap,pe,2020-06-23,4,3839.555,75.59,84.985,37.06,41.864,56.44,45.3,40.19,35.87,9483.845,4511.955,14.11795945719551,32.421582921680844,5.087310923161881,1.5108342146262896
unstained,2021-03-18,dMB_2,pap,pe,2020-06-23,4,114.8825,0.3675,2.1775,0.0025,0.0036666666666666,0.0325,0.0025,0.0025,0.0,1371.5999999999997,298.45,0.0,0.0,0.0,-inf
IAP,2021-03-18,dMB_2,pap,pe_cy7,2020-06-23,4,16863.43,100.0,100.0,96.24,99.989,99.935,99.43,98.23,94.345,17340.545,16863.43,29.416345009198803,169.4409743278755,8.97284385773669,2.229018440072211
unstained,2021-03-18,dMB_2,pap,pe_cy7,2020-06-23,4,98.94,0.175,0.875,0.0,0.0036666666666666,0.0,0.0,0.0,0.0,,554.42,0.0,0.0,0.0,-inf
LRTM1,2021-03-18,dMB_2,tryp,af488,2020-06-23,4,125.55,0.3249999999999999,2.915,0.0,0.0,0.055,0.025,0.0,0.0,,320.94,-0.05647508452153472,0.05788675429726989,0.05659114984779728,-1.2374208005852545
unstained,2021-03-18,dMB_2,tryp,af488,2020-06-23,4,118.68,0.435,2.335,0.0,0.0086666666666666,0.095,0.045,0.02,0.0,1403.59,340.15000000000003,0.0,0.0,0.0,-inf
ALCAM,2021-03-18,dMB_2,tryp,pe,2020-06-23,4,777.9649999999999,60.605,73.97,12.12,26.553,37.165,24.855,17.5,9.935,3047.355,983.185,2.2943039035014237,5.771832089308641,2.3301226345588555,0.7613136883695836
APCDD1,2021-03-18,dMB_2,tryp,pe,2020-06-23,4,957.32,58.06,71.2,18.34,34.808,38.18,28.39,22.755,15.975,2993.83,1196.52,3.0091137543977213,7.333035928013405,2.6406561409883365,0.8652838128150219
CNTN2,2021-03-18,dMB_2,tryp,pe,2020-06-23,4,1003.84,72.22,82.17500000000001,19.73,41.948,50.489999999999995,36.295,27.145000000000003,16.44,2845.975,1164.235,2.900938180599765,7.737971405566557,2.713511443636698,0.8886271205225222
CORIN,2021-03-18,dMB_2,tryp,pe,2020-06-23,4,157.78,4.21,11.545,0.245,0.651,0.96,0.48,0.29,0.1999999999999999,1958.055,371.025,0.2431730608142067,0.37340325985245804,0.3275755743015997,-0.4278218949307151
FOLR1,2021-03-18,dMB_2,tryp,pe,2020-06-23,4,373.66,30.12,44.239999999999995,3.89,11.221,15.205,9.35,6.055,3.04,2297.67,656.35,1.1991958452002012,2.2525406393489003,1.3301580082926279,0.35267263507208296
TPBG,2021-03-18,dMB_2,tryp,pe,2020-06-23,4,3839.555,75.59,84.985,37.06,43.605,56.44,45.3,40.19,35.87,9483.845,4511.955,14.11795945719551,32.421582921680844,5.087310923161881,1.5108342146262896
unstained,2021-03-18,dMB_2,tryp,pe,2020-06-23,4,114.8825,0.3675,2.1775,0.0025,0.0086666666666666,0.0325,0.0025,0.0025,0.0,1371.5999999999997,298.45,0.0,0.0,0.0,-inf
IAP,2021-03-18,dMB_2,tryp,pe_cy7,2020-06-23,4,16863.43,100.0,100.0,96.24,99.944,99.935,99.43,98.23,94.345,17340.545,16863.43,29.416345009198803,169.4409743278755,8.97284385773669,2.229018440072211
unstained,2021-03-18,dMB_2,tryp,pe_cy7,2020-06-23,4,98.94,0.175,0.875,0.0,0.0086666666666666,0.0,0.0,0.0,0.0,,554.42,0.0,0.0,0.0,-inf
LRTM1,2021-03-18,vFB,pap,af488,2020-06-23,4,103.84,0.595,2.29,0.0,0.011,0.145,0.015,0.01,0.0,,353.195,0.05337011631374883,0.18000000000000005,0.16828442172596755,-0.7447274948966938
unstained,2021-03-18,vFB,pap,af488,2020-06-23,4,88.0,0.11,0.805,0.0,0.0076666666666666,0.04,0.0,0.0,0.0,,335.3,0.0,0.0,0.0,-inf
ALCAM,2021-03-18,vFB,pap,pe,2020-06-23,4,693.81,61.33,73.44,11.65,18.536,38.285,25.53,17.73,9.17,2426.075,888.3,1.9788732394366195,6.700443951165371,2.5209578917570794,0.8261035786939396
APCDD1,2021-03-18,vFB,pap,pe,2020-06-23,4,170.76999999999998,7.875,17.490000000000002,0.18,0.132,1.225,0.43,0.27,0.115,2560.085,368.695,0.23640174379611,0.8953385127635959,0.6820802330149276,-0.048012734036098986
CNTN2,2021-03-18,vFB,pap,pe,2020-06-23,4,7877.675000000001,98.065,99.0,85.00999999999999,84.872,95.185,92.135,89.07,82.66499999999999,8786.445,7931.860000000001,25.599128101945006,86.43257491675917,7.226570547128701,1.936677451279405
CORIN,2021-03-18,vFB,pap,pe,2020-06-23,4,139.655,2.84,7.105,0.25,0.445,0.73,0.395,0.295,0.2,5591.035,527.25,0.7681086519114689,0.5500000000000002,0.45803534794644263,-0.25963731050575606
FOLR1,2021-03-18,vFB,pap,pe,2020-06-23,4,439.375,31.905,49.945,3.265,6.9,12.19,6.885,4.595,2.7350000000000003,4043.605000000001,683.4649999999999,1.2919684775318576,3.8765260821309657,1.8642345457790943,0.5884427103453684
TPBG,2021-03-18,vFB,pap,pe,2020-06-23,4,123.455,2.04,4.875,0.2,0.242,0.505,0.275,0.22,0.1699999999999999,4048.47,495.83,0.6627431254191818,0.3701997780244174,0.3250879236937812,-0.4315638459904608
unstained,2021-03-18,vFB,pap,pe,2020-06-23,4,90.1,0.085,0.4975,0.0,0.0076666666666666,0.005,0.0,0.0,0.0,,298.2,0.0,0.0,0.0,-inf
IAP,2021-03-18,vFB,pap,pe_cy7,2020-06-23,4,14284.495,100.0,100.0,97.0,99.966,99.97,99.685,98.935,95.455,14599.31,14284.495,24.901639195633653,147.89763902642414,8.600271137532769,2.169961241164032
unstained,2021-03-18,vFB,pap,pe_cy7,2020-06-23,4,95.935,0.25,1.93,0.0,0.0076666666666666,0.0,0.0,0.0,0.0,,551.4899999999999,0.0,0.0,0.0,-inf
LRTM1,2021-03-18,vFB,tryp,af488,2020-06-23,4,103.84,0.595,2.29,0.0,0.064,0.145,0.015,0.01,0.0,,353.195,0.05337011631374883,0.18000000000000005,0.16828442172596755,-0.7447274948966938
unstained,2021-03-18,vFB,tryp,af488,2020-06-23,4,88.0,0.11,0.805,0.0,0.0,0.04,0.0,0.0,0.0,,335.3,0.0,0.0,0.0,-inf
ALCAM,2021-03-18,vFB,tryp,pe,2020-06-23,4,693.81,61.33,73.44,11.65,23.188,38.285,25.53,17.73,9.17,2426.075,888.3,1.9788732394366195,6.700443951165371,2.5209578917570794,0.8261035786939396
APCDD1,2021-03-18,vFB,tryp,pe,2020-06-23,4,170.76999999999998,7.875,17.490000000000002,0.18,0.609,1.225,0.43,0.27,0.115,2560.085,368.695,0.23640174379611,0.8953385127635959,0.6820802330149276,-0.048012734036098986
CNTN2,2021-03-18,vFB,tryp,pe,2020-06-23,4,7877.675000000001,98.065,99.0,85.00999999999999,95.939,95.185,92.135,89.07,82.66499999999999,8786.445,7931.860000000001,25.599128101945006,86.43257491675917,7.226570547128701,1.936677451279405
CORIN,2021-03-18,vFB,tryp,pe,2020-06-23,4,139.655,2.84,7.105,0.25,0.208,0.73,0.395,0.295,0.2,5591.035,527.25,0.7681086519114689,0.5500000000000002,0.45803534794644263,-0.25963731050575606
FOLR1,2021-03-18,vFB,tryp,pe,2020-06-23,4,439.375,31.905,49.945,3.265,8.386,12.19,6.885,4.595,2.7350000000000003,4043.605000000001,683.4649999999999,1.2919684775318576,3.8765260821309657,1.8642345457790943,0.5884427103453684
TPBG,2021-03-18,vFB,tryp,pe,2020-06-23,4,123.455,2.04,4.875,0.2,0.214,0.505,0.275,0.22,0.1699999999999999,4048.47,495.83,0.6627431254191818,0.3701997780244174,0.3250879236937812,-0.4315638459904608
unstained,2021-03-18,vFB,tryp,pe,2020-06-23,4,90.1,0.085,0.4975,0.0,0.0,0.005,0.0,0.0,0.0,,298.2,0.0,0.0,0.0,-inf
IAP,2021-03-18,vFB,tryp,pe_cy7,2020-06-23,4,14284.495,100.0,100.0,97.0,99.956,99.97,99.685,98.935,95.455,14599.31,14284.495,24.901639195633653,147.89763902642414,8.600271137532769,2.169961241164032
unstained,2021-03-18,vFB,tryp,pe_cy7,2020-06-23,4,95.935,0.25,1.93,0.0,0.0,0.0,0.0,0.0,0.0,,551.4899999999999,0.0,0.0,0.0,-inf
LRTM1,2021-03-18,vHB,pap,af488,2020-06-23,4,124.34,2.54,6.175000000000001,0.055,0.0,0.98,0.385,0.165,0.035,1549.2,390.565,0.18516439333019763,0.3768131989812867,0.3302184533115936,-0.4238738931818564
unstained,2021-03-18,vHB,pap,af488,2020-06-23,4,90.31,0.15,1.175,0.0,0.0,0.055,0.02,0.0,0.0,,329.545,0.0,0.0,0.0,-inf
ALCAM,2021-03-18,vHB,pap,pe,2020-06-23,4,357.15,21.18,32.765,3.37,4.295,9.76,5.89,4.475,2.83,4022.805,852.56,1.8605076414635369,2.6794931231648893,1.4882504189617096,0.4280526467778863
APCDD1,2021-03-18,vHB,pap,pe,2020-06-23,4,198.815,12.28,23.29,0.285,0.127,2.835,1.175,0.6050000000000001,0.2,2037.615,385.765,0.2943179721183042,1.048266625457168,0.7709498738211303,0.020471759019368964
CNTN2,2021-03-18,vHB,pap,pe,2020-06-23,4,4641.63,96.555,98.075,73.68,75.351,91.37,85.685,80.14500000000001,69.595,5821.05,4714.59,14.818383130064252,46.819811466543044,5.836563401071353,1.6704296605523
CORIN,2021-03-18,vHB,pap,pe,2020-06-23,4,161.66500000000002,5.16,11.51,0.3399999999999999,0.597,1.52,0.81,0.5249999999999999,0.295,3808.875,552.95,0.8552567565300543,0.6655334054499564,0.5370784141394019,-0.1768301408828045
FOLR1,2021-03-18,vHB,pap,pe,2020-06-23,4,252.89,14.78,27.095,0.975,2.52,4.970000000000001,2.33,1.385,0.8,3936.435,535.8050000000001,0.7977318861245786,1.6053675372173286,1.0554134877141836,0.2055744766861475
TPBG,2021-03-18,vHB,pap,pe,2020-06-23,4,195.525,10.85,22.799999999999997,0.195,0.647,1.815,0.5700000000000001,0.32,0.19,3567.505,392.25,0.316076431411364,1.014371812702828,0.7517225893255053,0.006197172558848143
unstained,2021-03-18,vHB,pap,pe,2020-06-23,4,97.065,0.145,0.855,0.0,0.0,0.015,0.0075,0.0,0.0,,298.045,0.0,0.0,0.0,-inf
IAP,2021-03-18,vHB,pap,pe_cy7,2020-06-23,4,34373.215,100.0,100.0,99.905,100.0,100.0,100.0,99.97,99.81,34402.84,34373.215,60.79343292704849,298.26184050148004,10.637966298803375,2.4745976934568295
unstained,2021-03-18,vHB,pap,pe_cy7,2020-06-23,4,114.86,0.35,1.99,0.0,0.0,0.0,0.0,0.0,0.0,,556.26,0.0,0.0,0.0,-inf
LRTM1,2021-03-18,vHB,tryp,af488,2020-06-23,4,124.34,2.54,6.175000000000001,0.055,1.286,0.98,0.385,0.165,0.035,1549.2,390.565,0.18516439333019763,0.3768131989812867,0.3302184533115936,-0.4238738931818564
unstained,2021-03-18,vHB,tryp,af488,2020-06-23,4,90.31,0.15,1.175,0.0,0.0113333333333333,0.055,0.02,0.0,0.0,,329.545,0.0,0.0,0.0,-inf
ALCAM,2021-03-18,vHB,tryp,pe,2020-06-23,4,357.15,21.18,32.765,3.37,7.851,9.76,5.89,4.475,2.83,4022.805,852.56,1.8605076414635369,2.6794931231648893,1.4882504189617096,0.4280526467778863
APCDD1,2021-03-18,vHB,tryp,pe,2020-06-23,4,198.815,12.28,23.29,0.285,2.182,2.835,1.175,0.6050000000000001,0.2,2037.615,385.765,0.2943179721183042,1.048266625457168,0.7709498738211303,0.020471759019368964
CNTN2,2021-03-18,vHB,tryp,pe,2020-06-23,4,4641.63,96.555,98.075,73.68,88.856,91.37,85.685,80.14500000000001,69.595,5821.05,4714.59,14.818383130064252,46.819811466543044,5.836563401071353,1.6704296605523
CORIN,2021-03-18,vHB,tryp,pe,2020-06-23,4,161.66500000000002,5.16,11.51,0.3399999999999999,0.904,1.52,0.81,0.5249999999999999,0.295,3808.875,552.95,0.8552567565300543,0.6655334054499564,0.5370784141394019,-0.1768301408828045
FOLR1,2021-03-18,vHB,tryp,pe,2020-06-23,4,252.89,14.78,27.095,0.975,4.135,4.970000000000001,2.33,1.385,0.8,3936.435,535.8050000000001,0.7977318861245786,1.6053675372173286,1.0554134877141836,0.2055744766861475
TPBG,2021-03-18,vHB,tryp,pe,2020-06-23,4,195.525,10.85,22.799999999999997,0.195,0.375,1.815,0.5700000000000001,0.32,0.19,3567.505,392.25,0.316076431411364,1.014371812702828,0.7517225893255053,0.006197172558848143
unstained,2021-03-18,vHB,tryp,pe,2020-06-23,4,97.065,0.145,0.855,0.0,0.0113333333333333,0.015,0.0075,0.0,0.0,,298.045,0.0,0.0,0.0,-inf
IAP,2021-03-18,vHB,tryp,pe_cy7,2020-06-23,4,34373.215,100.0,100.0,99.905,100.0,100.0,100.0,99.97,99.81,34402.84,34373.215,60.79343292704849,298.26184050148004,10.637966298803375,2.4745976934568295
unstained,2021-03-18,vHB,tryp,pe_cy7,2020-06-23,4,114.86,0.35,1.99,0.0,0.0113333333333333,0.0,0.0,0.0,0.0,,556.26,0.0,0.0,0.0,-inf
LRTM1,2021-03-31,dFB,tryp,af488,2020-08-17,5,183.71,5.96,11.95,0.51,2.407,2.83,1.43,0.85,0.28,2067.13,591.8,0.6769623122697651,0.8554691445308554,0.6579714497588216,-0.0677956501809153
unstained,2021-03-31,dFB,tryp,af488,2020-08-17,5,99.01,0.1,0.79,0.0,0.0283333333333333,0.0,0.0,0.0,0.0,,352.8999999999999,0.0,0.0,0.0,-inf
ALCAM,2021-03-31,dFB,tryp,pe,2020-08-17,5,533.48,50.16,69.24,4.51,23.108,26.76,14.79,8.46,3.07,2066.88,691.52,0.9530601293529528,4.84699693117054,2.1179769534744324,0.6854727447534746
APCDD1,2021-03-31,dFB,tryp,pe,2020-08-17,5,206.48,7.65,21.49,0.07,1.395,1.36,0.53,0.23,0.07,2604.73,397.32,0.12215098709294772,1.263042525208242,0.8871967114267904,0.1014179730037644
CNTN2,2021-03-31,dFB,tryp,pe,2020-08-17,5,2464.71,90.9,95.54,49.34,73.58,79.36,67.76,58.31,44.07,4148.8,2571.54,6.262801141017312,26.013480929416925,4.66687525752553,1.4151984701231206
CORIN,2021-03-31,dFB,tryp,pe,2020-08-17,5,146.61,2.77,7.84,0.12,0.57,0.86,0.35,0.23,0.12,2306.88,432.12,0.2204366368232271,0.6068610258658486,0.4975054397466072,-0.2169107530926774
FOLR1,2021-03-31,dFB,tryp,pe,2020-08-17,5,421.14,36.13,55.23,2.64,11.776,16.81,8.52,4.6,1.81,2209.24,619.67,0.7501341542632812,3.6157387110916264,1.7891944507797237,0.5581970389407329
TPBG,2021-03-31,dFB,tryp,pe,2020-08-17,5,121.4,0.5,2.62,0.02,0.168,0.18,0.11,0.02,0.02,1894.81,374.24,0.05696613663964757,0.33055677334502426,0.29391161672503585,-0.48075393940687433
unstained,2021-03-31,dFB,tryp,pe,2020-08-17,5,91.24,0.0999999999999999,0.5399999999999999,0.0,0.0283333333333333,0.01,0.01,0.01,0.0,,354.07,0.0,0.0,0.0,-inf
IAP,2021-03-31,dFB,tryp,pe_cy7,2020-08-17,5,10280.64,100.0,100.0,96.86,99.855,99.88,99.67,98.89,94.83,10517.01,10280.64,18.01357499537636,113.81617154344424,7.911319156829199,2.0562039730705846
unstained,2021-03-31,dFB,tryp,pe_cy7,2020-08-17,5,89.54,0.13,0.62,0.0,0.0283333333333333,0.0,0.0,0.0,0.0,,540.7,0.0,0.0,0.0,-inf
LRTM1,2021-03-31,dHB,tryp,af488,2020-08-17,5,134.02,2.05,5.57,0.02,0.669,0.48,0.2,0.05,0.0,1654.82,453.27,0.09064003849855605,0.23931940077677094,0.21923262379598468,-0.6210220932429429
unstained,2021-03-31,dHB,tryp,af488,2020-08-17,5,108.14,0.32,0.92,0.0,0.0246666666666666,0.09,0.0,0.0,0.0,,415.6000000000001,0.0,0.0,0.0,-inf
ALCAM,2021-03-31,dHB,tryp,pe,2020-08-17,5,378.62,33.19,53.57,1.44,11.289,13.43,6.31,3.24,1.0,1973.31,558.19,0.6774300181809986,2.220653283429738,1.3176970873426241,0.3464807562757856
APCDD1,2021-03-31,dHB,tryp,pe,2020-08-17,5,226.91,9.08,23.86,0.53,2.434,2.72,1.31,0.79,0.4,2434.55,452.72,0.3604796177482607,0.9301633208574345,0.7028088646954019,-0.0314407900269191
CNTN2,2021-03-31,dHB,tryp,pe,2020-08-17,5,1590.19,83.38,91.49,32.31,59.932,65.55,51.58,40.85,28.05,3416.54,1721.17,4.172328820639189,12.526624702279687,3.417980055775337,1.0978340661540331
CORIN,2021-03-31,dHB,tryp,pe,2020-08-17,5,207.33,7.17,17.95,0.39,3.028,2.54,1.14,0.64,0.35,2451.2,471.01,0.41544333087914875,0.7636100714528752,0.6008058517042721,-0.11712835221712992
FOLR1,2021-03-31,dHB,tryp,pe,2020-08-17,5,221.77,6.53,14.95,0.86,2.686,2.51,1.5,1.15,0.76,4314.72,660.73,0.9855754060673446,0.8864409663150732,0.6767353540305465,-0.05235018150388598
TPBG,2021-03-31,dHB,tryp,pe,2020-08-17,5,151.72,1.22,7.1,0.0,0.08,0.08,0.04,0.03,0.0,1469.39,338.93,0.01852658783225388,0.2905750255188839,0.2617069403869897,-0.5367417153836076
unstained,2021-03-31,dHB,tryp,pe,2020-08-17,5,117.56,0.33,1.81,0.0,0.0246666666666666,0.045,0.0,0.0,0.0,,332.76500000000004,0.0,0.0,0.0,-inf
IAP,2021-03-31,dHB,tryp,pe_cy7,2020-08-17,5,22384.2,100.0,100.0,99.92,99.986,100.0,100.0,100.0,99.71,22400.27,22384.2,40.77169835967679,142.97761626037178,8.509180365509867,2.155268052181795
unstained,2021-03-31,dHB,tryp,pe_cy7,2020-08-17,5,155.47,0.58,3.5400000000000005,0.0,0.0246666666666666,0.0,0.0,0.0,0.0,,535.87,0.0,0.0,0.0,-inf
LRTM1,2021-03-31,dMB_2,tryp,af488,2020-08-17,5,155.67,0.72,4.83,0.0,0.094,0.11,0.06,0.04,0.0,,372.31,0.12500755423943918,0.14733195754716966,0.13934559099700616,-0.8317030407945222
unstained,2021-03-31,dMB_2,tryp,af488,2020-08-17,5,135.68,0.06,1.04,0.0,0.023,0.0,0.0,0.0,0.0,,330.94,0.0,0.0,0.0,-inf
ALCAM,2021-03-31,dMB_2,tryp,pe,2020-08-17,5,604.41,46.1,63.95,5.77,22.164,23.8,13.41,8.54,4.64,3553.34,845.85,1.5844052674997706,4.268107731194979,1.9710939187324472,0.630235372906375
APCDD1,2021-03-31,dMB_2,tryp,pe,2020-08-17,5,796.25,43.17,65.77,9.1,18.886,21.07,13.87,10.74,7.99,4823.81,1112.47,2.3990344954016316,5.940207443563148,2.366216765611471,0.7738016116515095
CNTN2,2021-03-31,dMB_2,tryp,pe,2020-08-17,5,665.93,54.95,71.7,8.26,26.441,31.34,19.35,12.68,6.56,2715.51,859.8,1.6270280179657184,4.8043231935849375,2.1075565155901432,0.6816322153148134
CORIN,2021-03-31,dMB_2,tryp,pe,2020-08-17,5,170.58,2.61,9.11,0.33,0.913,1.0,0.66,0.44,0.29,3084.84,481.59,0.4714473402792629,0.4867950841105204,0.4127781540145482,-0.312653816133128
FOLR1,2021-03-31,dMB_2,tryp,pe,2020-08-17,5,389.33,17.47,26.95,3.35,9.395,10.41,6.99,4.99,2.72,4307.62,1036.79,2.1678022548809923,2.3934454806938024,1.3840779269777959,0.3790235393159803
TPBG,2021-03-31,dMB_2,tryp,pe,2020-08-17,5,1168.41,47.14,68.31,16.65,24.892,27.09,20.79,18.25,15.86,5069.42,1622.47,3.957285587705093,9.183997210842849,2.953415268265066,0.9630317431597625
unstained,2021-03-31,dMB_2,tryp,pe,2020-08-17,5,114.73,0.095,0.75,0.0,0.023,0.015,0.0,0.0,0.0,,327.29,0.0,0.0,0.0,-inf
IAP,2021-03-31,dMB_2,tryp,pe_cy7,2020-08-17,5,12904.86,100.0,100.0,98.15,99.96,99.98,99.86,99.5,96.67,13074.43,12904.86,24.284311996708404,117.89496959646212,8.001776622902572,2.0714952747888464
unstained,2021-03-31,dMB_2,tryp,pe_cy7,2020-08-17,5,108.54,0.12,1.05,0.0,0.023,0.0,0.0,0.0,0.0,,510.39,0.0,0.0,0.0,-inf
LRTM1,2021-03-31,vFB,tryp,af488,2020-08-17,5,171.32,3.66,10.5,0.07,0.852,1.14,0.44,0.2,0.06,2486.92,463.67,0.23909673971138437,0.34358089561603,0.30423513959877246,-0.46397099256839774
unstained,2021-03-31,vFB,tryp,af488,2020-08-17,5,127.51,0.75,3.89,0.0,0.0233333333333333,0.0,0.0,0.0,0.0,,374.2,0.0,0.0,0.0,-inf
ALCAM,2021-03-31,vFB,tryp,pe,2020-08-17,5,488.35,29.68,46.4,4.51,14.175,14.58,8.78,6.01,3.75,3988.22,866.53,1.4749161013923597,3.293753022376577,1.6917146959239922,0.5176910310692192
APCDD1,2021-03-31,vFB,tryp,pe,2020-08-17,5,251.39,10.77,27.49,1.1,2.705,3.09,1.73,1.34,1.0,2827.6,497.92,0.42212067118886115,1.2103134479271989,0.8595029540110358,0.08289785880923115
CNTN2,2021-03-31,vFB,tryp,pe,2020-08-17,5,1294.69,80.64,90.3,24.4,53.674,58.81,43.14,32.45,20.05,3213.94,1413.8,3.037986433416637,10.383391216424146,3.1325049568864505,1.0163392172935228
CORIN,2021-03-31,vFB,tryp,pe,2020-08-17,5,404.22,9.55,20.47,2.08,3.625,3.9,2.72,2.36,2.03,10156.57,1424.06,3.0672902534808997,2.5540510836593837,1.443394729064942,0.4072295793524236
FOLR1,2021-03-31,vFB,tryp,pe,2020-08-17,5,331.96,16.44,29.46,2.83,7.67,8.35,5.43,3.94,2.28,3100.74,756.28,1.1600285612281327,1.9187145557655951,1.194529551587673,0.2830103702140459
TPBG,2021-03-31,vFB,tryp,pe,2020-08-17,5,125.82,1.19,4.26,0.09,0.249,0.35,0.17,0.11,0.06,2204.68,409.05,0.16829703677258126,0.1062557699916472,0.10200775168924409,-0.9736474772071222
unstained,2021-03-31,vFB,tryp,pe,2020-08-17,5,113.735,0.7200000000000001,3.185,0.0,0.0233333333333333,0.0699999999999999,0.02,0.01,0.0,,350.125,0.0,0.0,0.0,-inf
IAP,2021-03-31,vFB,tryp,pe_cy7,2020-08-17,5,8543.21,99.99,99.99,93.56,99.896,99.94,99.58,98.14,89.34,8907.64,8544.39,15.480962117120589,75.64133847672021,6.908652443807517,1.878759205100431
unstained,2021-03-31,vFB,tryp,pe_cy7,2020-08-17,5,111.46999999999998,0.17,2.49,0.0,0.0233333333333333,0.0,0.0,0.0,0.0,,518.44,0.0,0.0,0.0,-inf
LRTM1,2021-03-31,vHB,tryp,af488,2020-08-17,5,118.7,1.14,3.42,0.0,0.403,0.27,0.04,0.0,0.0,,439.03,0.19809518611505286,0.2042203510195801,0.1893288956571933,-0.6899009816658076
unstained,2021-03-31,vHB,tryp,af488,2020-08-17,5,98.57,0.17,1.14,0.0,0.0,0.0,0.0,0.0,0.0,,366.44,0.0,0.0,0.0,-inf
ALCAM,2021-03-31,vHB,tryp,pe,2020-08-17,5,520.76,37.73,56.76,4.87,18.079,18.78,10.85,7.25,3.87,3370.78,788.95,1.6160988145569097,4.225366245233795,1.9597453808733052,0.625864358585227
APCDD1,2021-03-31,vHB,tryp,pe,2020-08-17,5,212.9,8.66,20.14,0.35,2.881,2.74,1.28,0.65,0.25,2848.18,478.12,0.585409931194562,1.1362632952036926,0.8197048549139192,0.05547897785802731
CNTN2,2021-03-31,vHB,tryp,pe,2020-08-17,5,1569.67,80.14,89.13,30.09,58.201,62.89,49.53,39.15,25.62,3589.76,1739.25,4.767222084058692,14.75025085289986,3.678156930210269,1.1687994062873197
CORIN,2021-03-31,vHB,tryp,pe,2020-08-17,5,166.77,3.22,8.63,0.41,1.76,1.5,0.83,0.53,0.38,2538.52,526.32,0.7452375031086796,0.673389524382902,0.5422921317805549,-0.1717336440187459
FOLR1,2021-03-31,vHB,tryp,pe,2020-08-17,5,237.36,9.15,20.38,0.74,3.343,3.26,1.66,1.09,0.59,4633.76,592.87,0.965912293790931,1.3816977724262494,0.9476764403491206,0.1404130574218856
TPBG,2021-03-31,vHB,tryp,pe,2020-08-17,5,147.86,1.32,6.97,0.03,0.303,0.17,0.1,0.08,0.03,2305.1,354.73,0.17625797894387807,0.48364439092915934,0.4104821446202243,-0.3154738445961884
unstained,2021-03-31,vHB,tryp,pe,2020-08-17,5,99.66,0.02,0.5850000000000001,0.0,0.0,0.0,0.0,0.0,0.0,,301.575,0.0,0.0,0.0,-inf
IAP,2021-03-31,vHB,tryp,pe_cy7,2020-08-17,5,21906.59,99.97,99.97,99.12,99.557,99.63,99.3,99.17,98.98,22089.42,21913.6,39.94239859499654,171.90126282557222,9.012952097157891,2.2352790671243015
unstained,2021-03-31,vHB,tryp,pe_cy7,2020-08-17,5,126.7,0.41,2.16,0.0,0.0,0.0,0.0,0.0,0.0,,535.23,0.0,0.0,0.0,-inf
LRTM1,2021-04-23,dFB,tryp,af488,2020-09-07,6,112.31,1.72,3.5,0.02,0.211,0.51,0.1,0.03,0.02,2385.6,518.34,0.45449953699806367,0.3029002320185615,0.2717188026832975,-0.5187003940017684
unstained,2021-04-23,dFB,tryp,af488,2020-09-07,6,86.2,0.03,0.27,0.0,0.015,0.0,0.0,0.0,0.0,,356.37000000000006,0.0,0.0,0.0,-inf
ALCAM,2021-04-23,dFB,tryp,pe,2020-09-07,6,677.04,53.84,65.87,7.93,17.064,31.54,19.46,12.64,6.12,2882.08,937.31,1.697799588412221,7.661677221262713,2.6999942961576187,0.8843238516437595
APCDD1,2021-04-23,dFB,tryp,pe,2020-09-07,6,196.42,7.61,18.1,0.16,0.4,1.0,0.42,0.26,0.16,2655.09,416.48,0.19872781959215396,1.5128894006268787,1.0118021476349337,0.1798071802022254
CNTN2,2021-04-23,dFB,tryp,pe,2020-09-07,6,4251.56,96.3,97.7,69.85,80.267,90.39,83.72,77.41,64.79,5643.18,4347.72,11.513765164707069,53.39211923495171,6.119293667626975,1.7274771591755615
CORIN,2021-04-23,dFB,tryp,pe,2020-09-07,6,156.64,3.7,8.43,0.17,0.393,0.94,0.56,0.31,0.16,2286.57,462.92,0.3323931095024969,1.0039659694236547,0.7457678216306407,0.001718992149637546
FOLR1,2021-04-23,dFB,tryp,pe,2020-09-07,6,397.57,30.29,43.11,2.2,12.937,13.75,7.53,4.33,1.62,3083.28,702.1,1.0208096478477988,4.086291818588882,1.9222974839036604,0.6113293781254607
TPBG,2021-04-23,dFB,tryp,pe,2020-09-07,6,97.51,0.14,0.35,0.02,0.024,0.02,0.02,0.02,0.02,5954.1,627.41,0.8058341848115473,0.2474892854858312,0.22609583160440727,-0.6064435981651787
unstained,2021-04-23,dFB,tryp,pe,2020-09-07,6,78.165,0.045,0.205,0.0,0.015,0.0,0.0,0.0,0.0,,347.435,0.0,0.0,0.0,-inf
IAP,2021-04-23,dFB,tryp,pe_cy7,2020-09-07,6,9485.9,99.97,100.0,88.42,99.447,99.68,98.19,94.76,84.65,10365.38,9485.9,16.469107382921123,113.39821514712976,7.901905425031456,2.05460621894972
unstained,2021-04-23,dFB,tryp,pe_cy7,2020-09-07,6,82.92,0.3,1.88,0.0,0.015,0.0,0.0,0.0,0.0,,543.01,0.0,0.0,0.0,-inf
LRTM1,2021-04-23,dHB,tryp,af488,2020-09-07,6,151.89,3.48,7.76,0.21,0.839,1.46,0.73,0.39,0.11,2034.98,568.94,0.5915741181078132,0.5663607301227185,0.4695092561689537,-0.2469068670454363
unstained,2021-04-23,dHB,tryp,af488,2020-09-07,6,96.96999999999998,0.03,0.61,0.0,0.0,0.0,0.0,0.0,0.0,,357.47,0.0,0.0,0.0,-inf
ALCAM,2021-04-23,dHB,tryp,pe,2020-09-07,6,287.51,17.98,26.72,1.29,4.371,7.59,4.42,2.65,0.96,2985.58,676.7,1.1398643413916867,1.7453807591310575,1.1191418586374562,0.24189018404661466
APCDD1,2021-04-23,dHB,tryp,pe,2020-09-07,6,286.47,17.27,29.9,1.32,3.404,6.22,3.41,2.13,0.97,2369.86,574.76,0.8175091308678671,1.7354499880639775,1.1147085272433659,0.2394121027548803
CNTN2,2021-04-23,dHB,tryp,pe,2020-09-07,6,2398.77,92.73,95.8,49.28,65.356,80.67,69.97,59.88,43.77,3941.69,2495.54,6.891409869242809,21.905418954404393,4.35314467900654,1.3405515637386196
CORIN,2021-04-23,dHB,tryp,pe,2020-09-07,6,301.4,17.57,32.89,1.07,2.529,4.52,2.27,1.59,0.89,3872.22,567.5,0.7945515202302085,1.8780138457865838,1.177156154014751,0.27369878980791146
FOLR1,2021-04-23,dHB,tryp,pe,2020-09-07,6,284.78,15.48,25.87,1.24,4.291,5.8,3.07,1.85,0.97,3471.67,642.66,1.0322228722310938,1.7193124850799713,1.1074768244529634,0.23535481689209262
TPBG,2021-04-23,dHB,tryp,pe,2020-09-07,6,165.5,2.22,8.85,0.06,0.21,0.2,0.12,0.09,0.06,3029.03,375.38,0.18702863376919057,0.5803294342325138,0.4792299884523768,-0.23632540151788367
unstained,2021-04-23,dHB,tryp,pe,2020-09-07,6,104.725,0.02,0.395,0.0,0.0,0.0,0.0,0.0,0.0,,316.235,0.0,0.0,0.0,-inf
IAP,2021-04-23,dHB,tryp,pe_cy7,2020-09-07,6,26888.4,100.0,100.0,99.79,99.988,100.0,100.0,99.96,99.64,26928.66,26888.4,51.79688972667296,229.03165369150486,9.836365528628507,2.3598955088619133
unstained,2021-04-23,dHB,tryp,pe_cy7,2020-09-07,6,116.89,0.23,1.79,0.0,0.0,0.0,0.0,0.0,0.0,,509.28,0.0,0.0,0.0,-inf
LRTM1,2021-04-23,dMB_2,tryp,af488,2020-09-07,6,143.75,0.64,4.35,0.0,0.0,0.07,0.0,0.0,0.0,,391.74,0.06860525382580004,0.15871352571336447,0.14950186348532382,-0.7993860606908295
unstained,2021-04-23,dMB_2,tryp,af488,2020-09-07,6,124.06,0.22,1.99,0.0,0.0,0.0,0.0,0.0,0.0,,366.59,0.0,0.0,0.0,-inf
ALCAM,2021-04-23,dMB_2,tryp,pe,2020-09-07,6,1468.34,41.05,55.28,8.92,14.524,22.09,14.87,11.02,8.09,11798.87,2423.17,6.181252407906825,10.72936054639134,3.181348102931185,1.0305738394450665
APCDD1,2021-04-23,dMB_2,tryp,pe,2020-09-07,6,418.91,16.22,29.78,3.75,5.664,7.73,6.03,4.83,3.26,4547.29,997.56,1.9563465014966064,2.3463274353956147,1.3662500288000312,0.3703886188036489
CNTN2,2021-04-23,dMB_2,tryp,pe,2020-09-07,6,1950.6,86.46,91.76,40.35,56.986,71.78,59.74,49.84,35.34,3685.2,2109.02,5.250244495154551,14.581739026241163,3.659507437806926,1.1638093212702203
CORIN,2021-04-23,dMB_2,tryp,pe,2020-09-07,6,511.64,18.52,30.76,4.7,5.651,7.66,5.87,5.23,4.32,5912.58,1296.43,2.8420709480484843,3.0870711347206132,1.6260154416876615,0.4895466369523565
FOLR1,2021-04-23,dMB_2,tryp,pe,2020-09-07,6,315.42,15.04,27.92,1.46,11.009,4.83,2.72,2.16,1.21,4725.61,695.44,1.0609904276442523,1.5196309461996247,1.015024367915107,0.1817381290698941
TPBG,2021-04-23,dMB_2,tryp,pe,2020-09-07,6,628.58,16.72,28.37,7.57,7.878,9.67,8.63,8.3,7.17,5453.92,1792.37,4.311827638324985,4.021208611255342,1.90449083275528,0.6043566039079319
unstained,2021-04-23,dMB_2,tryp,pe,2020-09-07,6,125.185,0.415,2.38,0.0,0.0,0.0349999999999999,0.0,0.0,0.0,,337.43,0.0,0.0,0.0,-inf
IAP,2021-04-23,dMB_2,tryp,pe_cy7,2020-09-07,6,18684.5,100.0,100.0,96.4,99.92,99.93,99.45,98.57,94.79,19228.11,18684.5,35.99095246579952,187.0674383492703,9.250586090977828,2.271998199173395
unstained,2021-04-23,dMB_2,tryp,pe_cy7,2020-09-07,6,99.34999999999998,0.04,0.86,0.0,0.0,0.0,0.0,0.0,0.0,,505.11,0.0,0.0,0.0,-inf
LRTM1,2021-04-23,rVM,tryp,af488,2020-09-07,6,207.17,3.59,15.94,0.07,0.125,0.6,0.16,0.09,0.04,3767.62,428.33,0.11274777232224034,0.3667370365483571,0.3223937076673338,-0.4356452286912723
unstained,2021-04-23,rVM,tryp,af488,2020-09-07,6,151.58,1.01,5.79,0.0,0.0223333333333333,0.06,0.03,0.0,0.0,,384.93,0.0,0.0,0.0,-inf
ALCAM,2021-04-23,rVM,tryp,pe,2020-09-07,6,7868.32,95.37,97.29,80.99,84.332,90.95,87.08,84.19,78.8,9471.86,8082.06,22.263082148408266,49.121476574194986,5.938928299146546,1.6912714130676951
APCDD1,2021-04-23,rVM,tryp,pe,2020-09-07,6,2481.08,96.57,98.26,52.53,73.211,88.79,77.62,65.52,45.6,3785.67,2521.36,6.25738299464625,14.804567315348597,3.684134205209124,1.1703957190334917
CNTN2,2021-04-23,rVM,tryp,pe,2020-09-07,6,8329.49,96.53,97.83,74.65,83.682,91.05,85.38,80.05,71.41,10776.7,8510.88,23.497380691957858,52.059145778259065,6.0642519075159536,1.7164970376335307
CORIN,2021-04-23,rVM,tryp,pe,2020-09-07,6,39988.57,99.64,99.84,96.4,97.134,98.86,98.02,97.11,95.95,41398.77,40052.06,114.28426688158424,253.72860464375574,10.14208039407019,2.4043694311107955
FOLR1,2021-04-23,rVM,tryp,pe,2020-09-07,6,563.55,41.61,59.87,5.27,23.874,19.06,10.99,7.57,4.14,3428.18,812.57,1.3388693800011513,2.5898334235755,1.4563172667884363,0.4132718314370586
TPBG,2021-04-23,rVM,tryp,pe,2020-09-07,6,2606.66,81.5,90.55,43.53,50.073,59.84,50.52,46.58,42.32,5233.29,2856.7,7.222612399976972,15.604516355065767,3.7703161785656545,1.1932503127270067
unstained,2021-04-23,rVM,tryp,pe,2020-09-07,6,156.985,1.715,7.145,0.0,0.0223333333333333,0.05,0.0,0.0,0.0,,347.42,0.0,0.0,0.0,-inf
IAP,2021-04-23,rVM,tryp,pe_cy7,2020-09-07,6,73203.36,99.94,99.94,99.62,99.961,99.91,99.81,99.75,99.51,73286.84,73084.65,140.53543002110888,502.7737251393572,12.354699847191824,2.7013725734587215
unstained,2021-04-23,rVM,tryp,pe_cy7,2020-09-07,6,145.31,0.42,3.86,0.0,0.0223333333333333,0.0,0.0,0.0,0.0,,516.37,0.0,0.0,0.0,-inf
LRTM1,2021-04-23,vFB,tryp,af488,2020-09-07,6,133.37,1.03,3.7,0.03,0.098,0.27,0.09,0.04,0.01,5904.0,483.67,0.16594749656485797,0.11345800634496567,0.10863380432174825,-0.945164852015696
unstained,2021-04-23,vFB,tryp,af488,2020-09-07,6,119.78000000000002,0.48,2.57,0.0,0.0153333333333333,0.14,0.05,0.0,0.0,,414.83,0.0,0.0,0.0,-inf
ALCAM,2021-04-23,vFB,tryp,pe,2020-09-07,6,710.03,39.91,51.08,9.77,15.815,23.38,16.67,12.87,8.11,3795.6,1235.38,2.4140194276713047,5.534118621451249,2.277922174908875,0.7430484638200381
APCDD1,2021-04-23,vFB,tryp,pe,2020-09-07,6,221.75,8.03,18.08,0.79,1.35,2.35,1.62,1.13,0.66,2926.43,535.36,0.4794876400768263,1.040675470482676,0.7666659331748632,0.017315318029035912
CNTN2,2021-04-23,vFB,tryp,pe,2020-09-07,6,2288.67,89.5,93.88,43.11,59.741,75.11,62.47,52.43,37.91,4215.02,2425.21,5.702159704854154,20.0617034003589,4.197476838570889,1.30236780535284
CORIN,2021-04-23,vFB,tryp,pe,2020-09-07,6,349.98,15.69,28.54,1.8,2.858,4.86,2.9,2.15,1.59,6286.23,824.21,1.2777355570601483,2.220724244236875,1.3177249267214157,0.3464946339012663
FOLR1,2021-04-23,vFB,tryp,pe,2020-09-07,6,585.57,32.11,44.12,7.94,3.073,19.3,13.86,10.56,6.66,3429.5,1112.62,2.074767517375744,4.388763631344039,2.0027372460282846,0.6423421913787459
TPBG,2021-04-23,vFB,tryp,pe,2020-09-07,6,136.41,1.44,4.53,0.04,0.176,0.25,0.18,0.09,0.04,3734.74,420.24,0.1613491591935996,0.2553260019325449,0.23264545173684614,-0.5929049551886991
unstained,2021-04-23,vFB,tryp,pe,2020-09-07,6,108.665,0.61,2.1199999999999997,0.0,0.0153333333333333,0.065,0.005,0.0,0.0,,361.855,0.0,0.0,0.0,-inf
IAP,2021-04-23,vFB,tryp,pe_cy7,2020-09-07,6,12666.19,99.99,99.99,94.53,99.462,99.87,99.13,97.34,92.3,13179.68,12632.71,22.995574212665726,121.2015436565364,8.073303475290304,2.083508151160684
unstained,2021-04-23,vFB,tryp,pe_cy7,2020-09-07,6,103.65000000000002,0.31,2.14,0.0,0.0153333333333333,0.0,0.0,0.0,0.0,,526.46,0.0,0.0,0.0,-inf
LRTM1,2021-04-23,vHB,tryp,af488,2020-09-07,6,123.79,1.35,3.31,0.04,0.157,0.28,0.13,0.07,0.02,2015.52,494.92,0.4186779797053259,0.26626432078559736,0.24173279458653815,-0.5746870247892433
unstained,2021-04-23,vHB,tryp,af488,2020-09-07,6,97.76,0.0,0.26,0.0,0.0,0.0,0.0,0.0,0.0,,348.86,0.0,0.0,0.0,-inf
ALCAM,2021-04-23,vHB,tryp,pe,2020-09-07,6,253.98,10.77,16.83,1.77,3.208,4.82,3.22,2.36,1.61,3561.0,848.79,1.5884846451770305,1.7615526802218113,1.1263340071573127,0.24589563553175695
APCDD1,2021-04-23,vHB,tryp,pe,2020-09-07,6,253.92,13.41,26.78,0.51,1.721,3.32,1.52,0.82,0.42,2918.72,490.07,0.49452593699490727,1.7609002935739915,1.1260445239066152,0.24573476586135234
CNTN2,2021-04-23,vHB,tryp,pe,2020-09-07,6,3545.74,93.02,95.94,59.35,72.029,83.8,75.31,67.65,54.37,5278.82,3646.55,10.120581866975696,37.55322387735131,5.379636495568276,1.5746472263480094
CORIN,2021-04-23,vHB,tryp,pe,2020-09-07,6,249.25,12.14,22.65,1.03,2.611,3.95,2.29,1.58,0.81,2716.9,572.3,0.7452959653563478,1.710122866152006,1.1033433232851932,0.23302731400321702
FOLR1,2021-04-23,vHB,tryp,pe,2020-09-07,6,429.81,20.3,31.63,2.03,5.477,7.8,3.92,2.72,1.63,7990.54,1008.37,2.0751425696075145,3.67337175165815,1.8060646510941603,0.565064881932008
TPBG,2021-04-23,vHB,tryp,pe,2020-09-07,6,177.57,4.5,13.42,0.03,0.077,0.36,0.05,0.03,0.02,1722.15,374.35,0.14162422615961714,0.9307382842231162,0.7031485784927322,-0.031172421807690146
unstained,2021-04-23,vHB,tryp,pe,2020-09-07,6,91.97,0.025,0.125,0.0,0.0,0.0,0.0,0.0,0.0,,327.90999999999997,0.0,0.0,0.0,-inf
IAP,2021-04-23,vHB,tryp,pe_cy7,2020-09-07,6,27311.91,100.0,100.0,99.71,98.649,100.0,99.97,99.93,99.59,27371.16,27311.91,52.88558745190885,271.1665171898356,10.343941834064928,2.4332360631543923
unstained,2021-04-23,vHB,tryp,pe_cy7,2020-09-07,6,100.35,0.18,1.71,0.0,0.0,0.0,0.0,0.0,0.0,,506.85,0.0,0.0,0.0,-inf
LRTM1,2021-04-24,dMB_2,acc,af488,2020-08-17,5,142.6,1.27,4.13,0.0,0.198,0.12,0.06,0.02,0.0,,360.38,0.0424645646514319,0.1556852257071075,0.1468073986299237,-0.807752599367144
LRTM1,2021-04-24,dMB_2,acc,af488,2020-09-14,7,120.33,1.19,3.31,0.0,0.044,0.29,0.05,0.02,0.0,,353.37999999999994,0.022215794041075935,-0.024799416484318035,-0.025049146133187,
LRTM1,2021-04-24,dMB_2,acc,af488,2020-09-28,8,148.53,1.27,5.07,0.0,0.049,0.11,0.0,0.0,0.0,,352.87,0.020740526468035914,0.2037442256260637,0.18891847872457854,-0.6909146908788986
unstained,2021-04-24,dMB_2,acc,af488,2020-08-17,5,123.39,0.3,1.18,0.0,0.0113333333333333,0.05,0.02,0.0,0.0,,345.7,0.0,0.0,0.0,-inf
unstained,2021-04-24,dMB_2,acc,af488,2020-09-14,7,105.14,0.21,0.86,0.0,0.0036666666666666,0.08,0.0,0.0,0.0,,325.81,-0.05753543534856809,-0.14790501661398817,-0.15752256100357562,
unstained,2021-04-24,dMB_2,acc,af488,2020-09-28,8,123.87,0.26,0.9499999999999998,0.0,0.0059999999999999,0.02,0.0,0.0,0.0,,355.42,0.028116864333236992,0.0038901045465597212,0.0038840654713147146,-2.4100387268532466
ALCAM,2021-04-24,dMB_2,acc,pe,2020-08-17,5,627.51,45.26,59.99,6.58,15.0645,22.48,13.93,9.27,5.59,3743.48,927.46,1.493373121488292,4.037206502107164,1.9088848660720943,0.6060809640330489
ALCAM,2021-04-24,dMB_2,acc,pe,2020-09-14,7,1074.92,39.79,53.52,8.98,28.799000000000003,20.22,13.98,11.0,8.3,8726.91,1878.07,4.048982444820818,7.628697571743929,2.69412174395679,0.8824503982842565
ALCAM,2021-04-24,dMB_2,acc,pe,2020-09-28,8,1723.4,56.01,67.42,17.97,16.560000000000002,34.57,25.91,21.08,16.59,7493.52,2420.45,5.5071107885044475,12.834236403772827,3.4559234531996696,1.1083700346363674
APCDD1,2021-04-24,dMB_2,acc,pe,2020-08-17,5,824.1,50.54,70.01,8.56,8.761,21.34,13.6,10.66,7.73,5071.38,1090.87,1.9326827432319806,5.615291992775436,2.2959157111299997,0.7493723443114597
APCDD1,2021-04-24,dMB_2,acc,pe,2020-09-14,7,577.47,34.72,51.15,6.55,42.03033333333334,14.800000000000002,10.5,8.29,5.88,4550.64,973.89,1.6181950157270746,3.6355207706201087,1.7950039043838668,0.560566630217659
APCDD1,2021-04-24,dMB_2,acc,pe,2020-09-28,8,3540.79,87.26,93.71,31.32,8.8975,58.27,42.95,35.66,29.84,9965.72,3765.31,9.12261741538296,27.422958057395142,4.7657108034856694,1.4381142994219163
CNTN2,2021-04-24,dMB_2,acc,pe,2020-08-17,5,9241.45,99.38,99.56,92.79,57.432,98.37,96.89,95.3,91.06,9842.1,9281.05,23.95107132295615,73.18382500501706,6.831283167433302,1.8644151044558641
CNTN2,2021-04-24,dMB_2,acc,pe,2020-09-14,7,10261.77,98.21,98.99,87.40000000000002,64.05266666666667,96.0,93.39,90.74,85.33999999999999,11571.75,10364.82,26.864666505363335,81.37423239012642,7.081706478349201,1.9104869048597544
CNTN2,2021-04-24,dMB_2,acc,pe,2020-09-28,8,4434.12,97.98,98.79,76.22,61.467,93.54,88.67,83.09,72.45,5503.67,4486.57,11.061644756297548,34.593979530403374,5.215163298427239,1.5390005241040934
CORIN,2021-04-24,dMB_2,acc,pe,2020-08-17,5,285.97,16.32,30.0,1.07,1.2835,4.82,2.33,1.55,0.91,3526.56,562.27,0.5116003978815494,1.295564920730484,0.9040213627478336,0.11245918035432548
CORIN,2021-04-24,dMB_2,acc,pe,2020-09-14,7,711.73,27.51,45.38,6.18,7.323333333333333,10.39,7.400000000000001,6.59,5.88,7624.19,1380.3100000000002,2.7108100115600724,4.713265101344571,2.0851146054766314,0.6733218676852001
CORIN,2021-04-24,dMB_2,acc,pe,2020-09-28,8,389.76,26.07,39.2,4.54,5.293500000000001,11.05,7.5,5.67,3.95,3111.63,750.81,1.018469231389628,2.128717639975918,1.2812094945952324,0.3281180590273983
FOLR1,2021-04-24,dMB_2,acc,pe,2020-08-17,5,426.77,22.87,33.11,4.74,14.2085,12.73,9.12,6.38,3.87,3287.42,953.5,1.5633787671048738,2.4258077463375476,1.3962083461439105,0.3848563785531166
FOLR1,2021-04-24,dMB_2,acc,pe,2020-09-14,7,285.37,11.300000000000002,22.209999999999997,1.12,14.385666666666664,3.3800000000000003,1.87,1.39,1.02,8884.61,797.23,1.1432642417399252,1.2907485450531808,0.9015418092759981,0.11084164417772929
FOLR1,2021-04-24,dMB_2,acc,pe,2020-09-28,8,406.37,25.72,36.09,4.82,4.021,13.59,9.34,6.78,3.92,3127.03,854.91,1.298330510525042,2.2620509733092513,1.3338555257207068,0.3545023871400584
TPBG,2021-04-24,dMB_2,acc,pe,2020-08-17,5,775.68,29.72,48.6,11.32,16.7495,16.08,13.43,12.37,10.94,4490.15,1395.62,2.751969244831572,5.226610475617098,2.208092379002839,0.7182201345737942
TPBG,2021-04-24,dMB_2,acc,pe,2020-09-14,7,436.75,13.68,24.05,6.29,37.587,7.95,7.19,6.760000000000001,5.739999999999999,4110.73,1361.46,2.6601338817646583,2.5059201284366845,1.4258474017249072,0.3989672245463964
TPBG,2021-04-24,dMB_2,acc,pe,2020-09-28,8,1544.76,63.19,75.88,29.6,9.8405,39.39,33.7,31.36,28.52,4328.39,1979.53,4.3217463773960265,11.400240818783864,3.272866730360647,1.056914025473694
unstained,2021-04-24,dMB_2,acc,pe,2020-08-17,5,124.575,0.375,1.42,0.01,0.0113333333333333,0.065,0.03,0.01,0.01,2315.78,371.97,0.0,0.0,0.0,-inf
unstained,2021-04-24,dMB_2,acc,pe,2020-09-14,7,105.85,0.205,1.035,0.0,0.0036666666666666,0.035,0.01,0.0,0.0,,298.375,-0.19785197730999818,-0.1503110575958259,-0.1602603734371152,
unstained,2021-04-24,dMB_2,acc,pe,2020-09-28,8,110.59499999999998,0.21,1.175,0.0,0.0059999999999999,0.0,0.0,0.0,0.0,,286.855,-0.22882221684544454,-0.11222155328115607,-0.11762735418258591,
IAP,2021-04-24,dMB_2,acc,pe_cy7,2020-08-17,5,19080.32,100.0,100.0,99.12,99.917,99.82,99.67,99.47,98.75,19215.12,19080.32,37.83876483400167,166.0927401698923,8.917509312005915,2.2203506500729464
IAP,2021-04-24,dMB_2,acc,pe_cy7,2020-09-14,7,19921.94,100.0,100.0,99.83,99.99633333333334,100.0,99.96999999999998,99.92,99.69,19948.82,19921.94,39.551916461416326,173.4630878360627,9.038177045201419,2.2392070730483464
IAP,2021-04-24,dMB_2,acc,pe_cy7,2020-09-28,8,17083.5,100.0,100.0,99.82,99.959,100.0,99.99,99.96,99.51,17108.72,17083.5,33.77415677733222,148.6059199579648,8.613185427169721,2.1720361105945862
unstained,2021-04-24,dMB_2,acc,pe_cy7,2020-08-17,5,114.19,0.55,2.65,0.0,0.0113333333333333,0.0,0.0,0.0,0.0,,491.27,0.0,0.0,0.0,-inf
unstained,2021-04-24,dMB_2,acc,pe_cy7,2020-09-14,7,82.77,0.24,1.6,0.0,0.0036666666666666,0.0,0.0,0.0,0.0,,504.8399999999999,0.027622285097807595,-0.27515544268324726,-0.3116612797819832,
unstained,2021-04-24,dMB_2,acc,pe_cy7,2020-09-28,8,98.94,0.25,2.25,0.0,0.0059999999999999,0.0,0.0,0.0,0.0,,487.58,-0.007511144584444395,-0.13354934757859707,-0.14131469447172743,
LRTM1,2021-04-24,dMB_2,pap,af488,2020-08-17,5,126.31,0.55,1.4,0.0,0.198,0.07,0.0,0.0,0.0,,373.26,0.13843901546344584,0.05196968435079545,0.05092185303185521,-1.284249920951319
LRTM1,2021-04-24,dMB_2,pap,af488,2020-09-14,7,107.69,0.49,1.55,0.0,0.044,0.09,0.0,0.0,0.0,,333.82,0.01814743648397227,-0.10310652119596898,-0.10764258100076954,
LRTM1,2021-04-24,dMB_2,pap,af488,2020-09-28,8,125.3,0.35,1.38,0.0,0.049,0.03,0.0,0.0,0.0,,349.88,0.06713026504407232,0.043557924544016025,0.042818256133944195,-1.3609328217664691
unstained,2021-04-24,dMB_2,pap,af488,2020-08-17,5,120.07,0.13,1.03,0.0,0.0113333333333333,0.02,0.02,0.0,0.0,,327.87,0.0,0.0,0.0,-inf
unstained,2021-04-24,dMB_2,pap,af488,2020-09-14,7,101.1,0.21,0.7,0.02,0.0036666666666666,0.05,0.02,0.02,0.0,1437.12,358.71,0.09406167078415217,-0.1579911718164404,-0.16904120410643078,
unstained,2021-04-24,dMB_2,pap,af488,2020-09-28,8,119.78000000000002,0.18,1.1,0.0,0.0059999999999999,0.03,0.0,0.0,0.0,,342.79,0.0455058407295575,-0.0024152577663028056,-0.0024175945415014647,
ALCAM,2021-04-24,dMB_2,pap,pe,2020-08-17,5,719.46,49.31,63.08,7.95,15.0645,26.86,17.12,11.68,6.65,3979.09,1040.14,2.1446019892976995,5.62272748193492,2.29755507425355,0.7499470349659277
ALCAM,2021-04-24,dMB_2,pap,pe,2020-09-14,7,934.65,29.34,40.5,10.28,28.799000000000003,16.79,12.69,11.28,9.81,6954.7,2105.36,5.365027058076609,7.603580798085331,2.6896372451931136,0.881018165255892
ALCAM,2021-04-24,dMB_2,pap,pe,2020-09-28,8,1574.25,50.34,60.92,16.01,16.560000000000002,29.96,22.27,18.34,15.04,7690.21,2417.65,6.309157420564138,13.491186081833662,3.534749738897179,1.1300501324852332
APCDD1,2021-04-24,dMB_2,pap,pe,2020-08-17,5,255.26,10.84,17.81,1.66,8.761,5.42,3.72,2.5,1.35,2683.03,723.14,1.1862321250415693,1.3497031343489667,0.9316102034806115,0.1302382564270386
APCDD1,2021-04-24,dMB_2,pap,pe,2020-09-14,7,201.66,8.86,13.57,1.55,42.03033333333334,4.77,3.1,2.24,1.26,2493.31,705.79,1.1337787586540493,0.8563078197634278,0.6584828398654793,-0.06737009000297545
APCDD1,2021-04-24,dMB_2,pap,pe,2020-09-28,8,1066.63,39.42,52.06,21.03,8.8975,28.55,25.44,23.12,19.69,3974.03,1895.73,4.731263415666475,8.81847470888756,2.895484939962963,0.945393473703421
CNTN2,2021-04-24,dMB_2,pap,pe,2020-08-17,5,728.97,59.44,73.24,9.2,57.432,34.87,21.99,14.26,6.99,2877.86,931.81,1.8170934486198866,5.710268329727988,2.316746049442704,0.7566565165439463
CNTN2,2021-04-24,dMB_2,pap,pe,2020-09-14,7,639.89,58.88,70.33,9.98,64.05266666666667,34.52,22.040000000000003,15.14,8.02,2514.75,848.02,1.563775433080388,4.890274773323514,2.1284829507946674,0.6893332618200626
CNTN2,2021-04-24,dMB_2,pap,pe,2020-09-28,8,824.99,70.13,79.12,14.77,61.467,44.81,30.57,21.15,11.95,2661.09,1000.97,2.026181334462013,6.59414553320753,2.5000781283885396,0.8191585278194936
CORIN,2021-04-24,dMB_2,pap,pe,2020-08-17,5,156.66,3.09,7.79,0.14,1.2835,0.74,0.27,0.18,0.11,2594.35,436.8,0.3205550684765848,0.44207667878676293,0.379819131802361,-0.3545023951628159
CORIN,2021-04-24,dMB_2,pap,pe,2020-09-14,7,161.61,6.650000000000001,13.89,0.23,7.323333333333333,1.62,0.73,0.44,0.2,1662.63,392.37000000000006,0.18623212504156972,0.48764210429419624,0.41339474038774365,-0.3118988033137148
CORIN,2021-04-24,dMB_2,pap,pe,2020-09-28,8,167.76,6.87,14.03,0.18,5.293500000000001,1.42,0.65,0.35,0.15,2084.14,390.34,0.18009493001179044,0.5442536935610068,0.45398242446966247,-0.26419861495067926
FOLR1,2021-04-24,dMB_2,pap,pe,2020-08-17,5,384.71,17.6,25.34,3.64,14.2085,10.31,6.7,4.88,2.96,3995.53,1079.72,2.264262176134474,2.5413080498918394,1.4387675355688903,0.4050573121418196
FOLR1,2021-04-24,dMB_2,pap,pe,2020-09-14,7,176.23,5.64,12.08,0.3899999999999999,14.385666666666664,1.87,1.06,0.7799999999999999,0.31,5611.87,560.53,0.6946216404147895,0.6222211994292813,0.5079757414196711,-0.20605519631584926
FOLR1,2021-04-24,dMB_2,pap,pe,2020-09-28,8,344.71,23.13,32.89,3.4,4.021,11.09,7.07,5.06,2.75,2978.93,751.74,1.272697040239441,2.173102591245915,1.2989306529526172,0.3370802296616516
TPBG,2021-04-24,dMB_2,pap,pe,2020-08-17,5,1702.05,52.77,70.18,16.27,16.7495,26.55,19.79,17.33,15.94,8427.74,2341.86,6.080025395289778,14.66760252220739,3.669030149891049,1.1663591324890739
TPBG,2021-04-24,dMB_2,pap,pe,2020-09-14,7,787.9500000000002,26.28,38.95,8.34,37.587,13.15,10.12,9.23,8.05,6772.11,1792.0,4.4176618193911175,6.253187278501405,2.431488029375176,0.7961014356855908
TPBG,2021-04-24,dMB_2,pap,pe,2020-09-28,8,2008.02,65.44,76.59,29.76,9.8405,42.02,34.58,31.71,28.68,5833.47,2568.8,6.766121474136106,17.484098126754727,3.9604466294463103,1.2426432352340253
unstained,2021-04-24,dMB_2,pap,pe,2020-08-17,5,108.635,0.085,0.425,0.0,0.0113333333333333,0.02,0.0,0.0,0.0,,330.77000000000004,0.0,0.0,0.0,-inf
unstained,2021-04-24,dMB_2,pap,pe,2020-09-14,7,98.575,0.185,0.8350000000000001,0.0,0.0036666666666666,0.015,0.015,0.015,0.0,,303.57,-0.08223236690147245,-0.09260367284945001,-0.09623773076403734,
unstained,2021-04-24,dMB_2,pap,pe,2020-09-28,8,104.065,0.165,0.8300000000000001,0.0,0.0059999999999999,0.0,0.0,0.0,0.0,,291.935,-0.11740786649333383,-0.04206747365029693,-0.04279375308074356,
IAP,2021-04-24,dMB_2,pap,pe_cy7,2020-08-17,5,16549.51,100.0,100.0,99.8,99.917,100.0,99.98,99.92,99.52,16578.43,16549.51,34.08184593208123,197.8167948101874,9.409888420067114,2.2962631607887207
IAP,2021-04-24,dMB_2,pap,pe_cy7,2020-09-14,7,16454.39,100.0,100.0,98.96999999999998,99.99633333333334,100.0,99.93,99.7,98.21999999999998,16575.81,16454.39,33.88020943740196,196.67407496395964,9.393285744571251,2.293747116187081
IAP,2021-04-24,dMB_2,pap,pe_cy7,2020-09-28,8,16710.46,100.0,100.0,99.9,99.959,100.0,100.0,99.97,99.79,16724.3,16710.46,34.423029634968415,199.75036040365208,9.437808298408509,2.3004875715713915
unstained,2021-04-24,dMB_2,pap,pe_cy7,2020-08-17,5,83.24,0.12,0.9,0.0,0.0113333333333333,0.0,0.0,0.0,0.0,,471.74,0.0,0.0,0.0,-inf
unstained,2021-04-24,dMB_2,pap,pe_cy7,2020-09-14,7,84.98,0.19,1.96,0.0,0.0036666666666666,0.03,0.0,0.0,0.0,,502.44,0.06507822105397038,0.0209034118212399,0.020730791308459375,-1.6797828232569874
unstained,2021-04-24,dMB_2,pap,pe_cy7,2020-09-28,8,82.22,0.17,1.51,0.0,0.0059999999999999,0.0,0.0,0.0,0.0,,494.76,0.04879806673167419,-0.012253724171071553,-0.012314231083123524,
LRTM1,2021-04-24,dMB_2,tryp,af488,2020-09-28,8,127.52,0.33,1.39,0.0,0.049,0.03,0.0,0.0,0.0,,354.12,0.03410816493400306,0.04920190883659692,0.04826121482222369,-1.3080180480228876
unstained,2021-04-24,dMB_2,tryp,af488,2020-09-28,8,121.54,0.19,1.09,0.02,0.0059999999999999,0.02,0.02,0.02,0.02,1730.88,342.44,0.0,0.0,0.0,-inf
ALCAM,2021-04-24,dMB_2,tryp,pe,2020-09-28,8,1262.65,53.61,67.04,13.38,16.560000000000002,27.87,19.75,15.79,12.6,6909.09,1800.3,4.870575383561867,10.504783599088839,3.1497764321433994,1.0213871102698522
APCDD1,2021-04-24,dMB_2,tryp,pe,2020-09-28,8,2108.79,80.27,90.25,26.5,8.8975,45.5,33.25,28.84,25.32,6617.5,2315.61,6.55094321164789,18.214487471526194,4.0301666507915375,1.2604169553517688
CNTN2,2021-04-24,dMB_2,tryp,pe,2020-09-28,8,1223.71,84.81,90.58,27.25,61.467,63.67,48.22,37.16,22.91,2793.27,1333.02,3.3468279718911513,10.14997722095672,3.0988769459870236,1.0064650675867783
CORIN,2021-04-24,dMB_2,tryp,pe,2020-09-28,8,378.03,30.96,45.15,3.3,5.293500000000001,11.08,6.1,4.52,2.76,3318.64,647.93,1.112826700145109,2.4444646924829154,1.4031599682517426,0.38818376875445487
FOLR1,2021-04-24,dMB_2,tryp,pe,2020-09-28,8,410.79,28.12,39.36,4.3,4.021,14.83,9.63,6.82,3.54,3130.12,806.07,1.6285034157794336,2.7429612756264237,1.5104809298544644,0.4382196763976489
TPBG,2021-04-24,dMB_2,tryp,pe,2020-09-28,8,1622.76,65.27,77.09,25.68,9.8405,38.19,30.18,27.56,24.98,5166.28,2051.23,5.688829830596905,13.785968109339407,3.5691936513971645,1.1394372695191182
unstained,2021-04-24,dMB_2,tryp,pe,2020-09-28,8,109.75,0.205,0.985,0.005,0.0059999999999999,0.03,0.005,0.005,0.005,1949.0999999999997,306.665,0.0,0.0,0.0,-inf
IAP,2021-04-24,dMB_2,tryp,pe_cy7,2020-09-28,8,19789.14,100.0,100.0,99.86,99.959,100.0,100.0,99.97,99.7,19806.47,19789.14,39.643130006161435,213.3769905752356,9.628696789468504,2.3291475856368296
unstained,2021-04-24,dMB_2,tryp,pe_cy7,2020-09-28,8,92.31,0.21,1.91,0.0,0.0059999999999999,0.0,0.0,0.0,0.0,,486.8999999999999,0.0,0.0,0.0,-inf
LRTM1,2021-04-26,dHB,acc,af488,2020-09-28,8,149.35,4.57,9.96,0.17,0.8865,2.06,0.94,0.41,0.09,1845.12,449.8,0.5087377989467683,0.42509541984732824,0.36708895229191724,-0.37151357427481424
unstained,2021-04-26,dHB,acc,af488,2020-09-28,8,104.8,0.2,1.7,0.0,0.0101666666666666,0.0,0.0,0.0,0.0,,298.13,0.0,0.0,0.0,-inf
ALCAM,2021-04-26,dHB,acc,pe,2020-09-28,8,198.93,15.13,1.83,0.0,1.266,0.0,0.0,0.0,0.0,,1065.89,-0.9870264302904475,0.7453827593770568,0.5891805708557283,-0.12762065665059982
APCDD1,2021-04-26,dHB,acc,pe,2020-09-28,8,290.56,26.46,4.42,0.02,4.0455,0.56,0.14,0.04,0.0,5958.55,1467.25,-0.9821412433212237,1.5493309936389565,1.0291383477813083,0.1901442088210944
CNTN2,2021-04-26,dHB,acc,pe,2020-09-28,8,13260.43,99.68,98.81,66.82,67.438,90.76,83.61,76.03,60.95,17844.41,13378.3,-0.8371648972733521,115.34507567449003,7.9455231481140265,2.061999058301878
CORIN,2021-04-26,dHB,acc,pe,2020-09-28,8,235.64,17.42,2.14,0.03,2.492,0.27,0.16,0.08,0.0,6492.1,1519.74,-0.981502356875104,1.0674709366089057,0.7817310678036691,0.02835605958258572
FOLR1,2021-04-26,dHB,acc,pe,2020-09-28,8,273.55,15.05,3.07,0.2,8.015,0.68,0.4,0.29,0.17,21074.72,2821.5,-0.9656578756386658,1.400087738539154,0.9568330435325857,0.14615525222784312
TPBG,2021-04-26,dHB,acc,pe,2020-09-28,8,134.75,1.64,0.05,0.0,0.2195,0.0,0.0,0.0,0.0,,911.36,-0.9889073051717365,0.18227681509102894,0.17027732960720474,-0.7392685684178508
unstained,2021-04-26,dHB,acc,pe,2020-09-28,8,113.97499999999998,0.255,0.02,0.01,0.0101666666666666,0.02,0.02,0.02,0.01,159428.38,82158.575,0.0,0.0,0.0,-inf
IAP,2021-04-26,dHB,acc,pe_cy7,2020-09-28,8,26372.63,100.0,100.0,99.9,99.9635,100.0,100.0,100.0,99.8,26388.7,26372.63,45.832223465274446,203.69287488357654,9.494076508789979,2.308975837773529
unstained,2021-04-26,dHB,acc,pe_cy7,2020-09-28,8,128.84,0.36,2.85,0.0,0.0101666666666666,0.0,0.0,0.0,0.0,,563.13,0.0,0.0,0.0,-inf
LRTM1,2021-04-26,dHB,pap,af488,2020-09-14,7,99.65000000000002,1.28,3.51,0.0,1.5253333333333332,0.08,0.03,0.0,0.0,,288.56,0.14548846810368785,0.12243748592025253,0.11684706570532194,-0.9120855966030526
LRTM1,2021-04-26,dHB,pap,af488,2020-09-28,8,117.95,1.81,5.46,0.0,0.8865,0.3,0.03,0.02,0.0,,348.73,0.3843436147830575,0.3285649921153413,0.2923257192397628,-0.48337871156761514
unstained,2021-04-26,dHB,pap,af488,2020-09-14,7,88.78,0.21,1.29,0.0,0.0072222222222222,0.0,0.0,0.0,0.0,,251.91,0.0,0.0,0.0,-inf
unstained,2021-04-26,dHB,pap,af488,2020-09-28,8,100.11,0.25,1.4799999999999998,0.0,0.0101666666666666,0.02,0.0,0.0,0.0,,304.73,0.20967805962446914,0.12761883307051136,0.12156240045317175,-0.8940852308259506
ALCAM,2021-04-26,dHB,pap,pe,2020-09-14,7,142.14,6.87,9.84,0.59,2.427,1.96,1.15,0.73,0.42,2230.86,490.21,0.8465044447792679,0.5065981239069371,0.42712080411039854,-0.2953364228723035
ALCAM,2021-04-26,dHB,pap,pe,2020-09-28,8,311.83,19.13,3.21,0.25,1.266,0.34,0.27,0.25,0.18,15110.1,2304.75,7.681444929938226,2.3052096030526257,1.3505275658500315,0.36271042009901044
APCDD1,2021-04-26,dHB,pap,pe,2020-09-14,7,183.91,15.73,22.49,0.33,3.945,3.84,1.63,0.89,0.21,1501.07,399.8500000000001,0.5061398222088298,0.9493348879113891,0.7140928811378411,-0.022580558577752544
APCDD1,2021-04-26,dHB,pap,pe,2020-09-28,8,176.3,7.68,1.01,0.02,4.0455,0.2,0.13,0.04,0.0,5903.37,1662.26,5.261337953894833,0.8686734856113203,0.6660015505498681,-0.061143434189130236
CNTN2,2021-04-26,dHB,pap,pe,2020-09-14,7,1580.9000000000003,89.31,92.04,37.28,85.39999999999999,69.94,57.39000000000001,46.96,32.32,3172.4600000000005,1704.37,5.419956305559741,15.756584874662147,3.786321823482018,1.197462093178232
CNTN2,2021-04-26,dHB,pap,pe,2020-09-28,8,2016.94,91.01,65.22,5.4,67.438,22.42,12.74,8.38,4.25,11397.38,2797.45,9.537328612324846,20.378345434310244,4.224967023747369,1.3091689197136187
CORIN,2021-04-26,dHB,pap,pe,2020-09-14,7,160.0,7.45,11.01,0.87,2.901,2.17,1.45,1.11,0.6999999999999998,2634.17,545.02,1.052960675003767,0.6959033335099899,0.5571257337440231,-0.1574510831464184
CORIN,2021-04-26,dHB,pap,pe,2020-09-28,8,211.43,10.81,2.12,0.08,2.492,0.47,0.24,0.11,0.05,15669.52,2113.09,6.959507307518459,1.2410302612751074,0.875699119848399,0.09378237146211602
FOLR1,2021-04-26,dHB,pap,pe,2020-09-14,7,276.09,28.62,36.57,1.45,5.632000000000001,9.02,4.52,2.6,1.12,2840.5,520.3,0.9598463161066748,1.9263871959298318,1.1977829357367926,0.28474358297292357
FOLR1,2021-04-26,dHB,pap,pe,2020-09-28,8,311.1,15.37,2.93,0.22,8.015,0.5,0.32,0.28,0.22,39104.88,4218.78,14.891140575561248,2.297472044093487,1.347551436350664,0.3612502355446333
TPBG,2021-04-26,dHB,pap,pe,2020-09-14,7,169.87,13.449999999999998,20.48,0.07,0.2843333333333333,0.9499999999999998,0.24,0.12,0.02,1379.95,328.78,0.23843604037968968,0.8005193703958875,0.6240550615018863,-0.09662815486989558
TPBG,2021-04-26,dHB,pap,pe,2020-09-28,8,178.78,7.59,0.34,0.08,0.2195,0.23,0.15,0.09,0.08,8813.85,4172.37,14.716325146903722,0.894959987280725,0.6818532567794034,-0.04819638109933021
unstained,2021-04-26,dHB,pap,pe,2020-09-14,7,94.345,0.255,0.915,0.0,0.0072222222222222,0.005,0.0,0.0,0.0,,265.47999999999996,0.0,0.0,0.0,-inf
unstained,2021-04-26,dHB,pap,pe,2020-09-28,8,103.065,0.2,0.0,0.0,0.0101666666666666,0.0,0.0,0.0,0.0,,,,0.09242673167629444,0.0891876909194526,-1.0342024038826465
IAP,2021-04-26,dHB,pap,pe_cy7,2020-09-14,7,25378.98,99.99,99.99,99.90000000000002,99.98233333333332,99.99,99.99,99.96,99.74,25402.78,25382.67,44.70900938214691,274.3496799392427,10.379666550182108,2.4383044578774533
IAP,2021-04-26,dHB,pap,pe_cy7,2020-09-28,8,26335.51,100.0,100.0,99.82,99.9635,100.0,100.0,99.97,99.58,26362.43,26335.51,46.424879796870215,284.72756862319625,10.49388875567724,2.45442951955747
unstained,2021-04-26,dHB,pap,pe_cy7,2020-09-14,7,92.17,0.13,1.73,0.0,0.0072222222222222,0.0,0.0,0.0,0.0,,555.31,0.0,0.0,0.0,-inf
unstained,2021-04-26,dHB,pap,pe_cy7,2020-09-28,8,111.43,0.17,2.33,0.0,0.0101666666666666,0.0,0.0,0.0,0.0,,555.82,0.0009184059354236456,0.20896170120429647,0.1934088411592639,-0.6799333047013875
LRTM1,2021-04-26,dHB,tryp,af488,2020-09-14,7,128.07,5.760000000000001,10.21,0.05,1.5253333333333332,1.07,0.43,0.23,0.03,1448.21,354.49,0.407041359053743,0.4266458727860087,0.368256284629374,-0.36993245121482227
LRTM1,2021-04-26,dHB,tryp,af488,2020-09-28,8,154.82,5.58,11.13,0.31,0.8865,2.11,1.09,0.57,0.24,1719.06,465.87,0.8491307454155752,0.7246296090007798,0.5758254771512284,-0.13988392428583993
unstained,2021-04-26,dHB,tryp,af488,2020-09-14,7,89.77,0.28,1.77,0.0,0.0072222222222222,0.0,0.0,0.0,0.0,,251.94,0.0,0.0,0.0,-inf
unstained,2021-04-26,dHB,tryp,af488,2020-09-28,8,98.44,0.17,1.06,0.0,0.0101666666666666,0.03,0.0,0.0,0.0,,307.02,0.21862348178137644,0.0965801492703576,0.09305164777636964,-1.0151121277072346
ALCAM,2021-04-26,dHB,tryp,pe,2020-09-14,7,172.97,11.06,14.89,0.7200000000000001,2.427,3.4500000000000006,1.84,1.21,0.57,2827.3000000000006,522.58,1.0692140170263316,0.8020524040214617,0.6250124442174444,-0.0957972551150454
ALCAM,2021-04-26,dHB,tryp,pe,2020-09-28,8,211.48,8.88,0.88,0.03,1.266,0.11,0.1,0.07,0.03,82296.52,5864.75,22.222134230845377,1.2032609261863831,0.8557589497287907,0.0803598139695167
APCDD1,2021-04-26,dHB,tryp,pe,2020-09-14,7,334.16,36.7,45.64000000000001,3.69,3.945,13.28,8.13,5.37,2.92,1995.52,562.47,1.2271629380320728,2.4813772985362297,1.4168254076868914,0.39469280466485673
APCDD1,2021-04-26,dHB,tryp,pe,2020-09-28,8,288.77,25.81,4.08,0.07,4.0455,0.57,0.18,0.08,0.07,11768.92,1602.92,5.346941199762424,2.0084909100380264,1.2321765096599273,0.3028698705564833
CNTN2,2021-04-26,dHB,tryp,pe,2020-09-14,7,4395.64,97.46999999999998,98.06,75.75,85.39999999999999,92.29,86.76,81.73,71.87,5524.329999999999,4479.61,16.737517323302313,44.79507214668959,5.743202301252324,1.6512302403996364
CNTN2,2021-04-26,dHB,tryp,pe,2020-09-28,8,4736.59,98.84,93.25,22.9,67.438,63.65,45.79,32.83,18.24,11425.75,5042.84,18.96768956642249,48.347189665051836,5.904920134581468,1.6843712343976613
CORIN,2021-04-26,dHB,tryp,pe,2020-09-14,7,284.79,35.34,45.84,1.24,2.901,8.72,3.33,2.0,1.02,2353.92,449.19,0.7786180954266481,1.9670260978277856,1.2149018965759377,0.2938101220278308
CORIN,2021-04-26,dHB,tryp,pe,2020-09-28,8,259.74,22.52,2.59,0.06,2.492,0.39,0.15,0.09,0.04,10874.02,1634.26,5.471035438527024,1.7060478199718705,1.1015067734547879,0.23199120013680663
FOLR1,2021-04-26,dHB,tryp,pe,2020-09-14,7,428.19,39.82,48.85,3.5499999999999994,5.632000000000001,14.99,8.31,5.48,2.7999999999999994,4086.39,724.9900000000001,1.870679073450802,3.4610095327394905,1.7430539529258215,0.5392027954832224
FOLR1,2021-04-26,dHB,tryp,pe,2020-09-28,8,275.38,15.5,3.26,0.22,8.015,0.61,0.41,0.28,0.18,19922.2,2715.36,9.751771926351218,1.868989946345783,1.1732776404598,0.27160696523207295
TPBG,2021-04-26,dHB,tryp,pe,2020-09-14,7,159.43,10.32,17.48,0.0,0.2843333333333333,0.3699999999999999,0.1,0.0,0.0,,306.07,0.21191843199366453,0.6609886961504402,0.5340533264416026,-0.1798059675059861
TPBG,2021-04-26,dHB,tryp,pe,2020-09-28,8,136.02,1.47,0.17,0.0,0.2195,0.13,0.03,0.0,0.0,,2635.11,9.43401306671946,0.4170964213158307,0.3610503319112789,-0.37976353638158344
unstained,2021-04-26,dHB,tryp,pe,2020-09-14,7,95.985,0.155,1.3,0.0,0.0072222222222222,0.0,0.0,0.0,0.0,,252.55,0.0,0.0,0.0,-inf
unstained,2021-04-26,dHB,tryp,pe,2020-09-28,8,101.13,0.335,0.01,0.0,0.0101666666666666,0.0,0.0,0.0,0.0,,1752.41,5.9388635913680465,0.0536021253320831,0.05248847965312838,-1.270817990126321
IAP,2021-04-26,dHB,tryp,pe_cy7,2020-09-14,7,24937.44,100.0,100.0,99.87,99.98233333333332,100.0,100.0,100.0,99.74,24955.539999999997,24937.44,43.982575128972904,194.80276381909547,9.365930725664851,2.2895951142616275
IAP,2021-04-26,dHB,tryp,pe_cy7,2020-09-28,8,26473.14,100.0,100.0,99.97,99.9635,100.0,100.0,100.0,99.94,26476.66,26473.14,46.75269670623038,206.86070979899498,9.538663523082981,2.3156780105406938
unstained,2021-04-26,dHB,tryp,pe_cy7,2020-09-14,7,127.36,0.3,2.54,0.0,0.0072222222222222,0.0,0.0,0.0,0.0,,554.38,0.0,0.0,0.0,-inf
unstained,2021-04-26,dHB,tryp,pe_cy7,2020-09-28,8,126.51,0.22,1.83,0.0,0.0101666666666666,0.0,0.0,0.0,0.0,,560.96,0.011869115047440457,-0.006673994974874327,-0.006691883539332144,
LRTM1,2021-04-28,cVM,pap,af488,2020-06-23,4,160.89,0.03,0.75,0.0,0.0925,0.0,0.0,0.0,0.0,,408.78,-0.13071770334928234,0.03161066940241074,0.031218392574620325,-1.50016630723872
LRTM1,2021-04-28,cVM,pap,af488,2020-08-17,5,167.4,0.29,1.81,0.0,0.073,0.03,0.0,0.0,0.0,,400.57,-0.1481765018607124,0.07335214157476275,0.0712900411444254,-1.1345872020589427
unstained,2021-04-28,cVM,pap,af488,2020-06-23,4,155.96,0.17,0.7399999999999999,0.0,0.0033333333333333,0.03,0.0,0.0,0.0,,470.25,0.0,0.0,0.0,-inf
unstained,2021-04-28,cVM,pap,af488,2020-08-17,5,159.67,0.28,1.3,0.0,0.0098333333333333,0.05,0.02,0.0,0.0,,418.68,-0.10966507177033491,0.023788150807899328,0.023564978193684253,-1.6236393169009047
ALCAM,2021-04-28,cVM,pap,pe,2020-06-23,4,1613.78,71.17,80.05,27.44,40.5775,55.32,43.48,35.25,23.44,3758.94,1953.58,3.0110460938302026,9.516650374714889,3.004707952651892,0.9784841143759544
ALCAM,2021-04-28,cVM,pap,pe,2020-08-17,5,3360.6,93.03,95.06,62.96,77.7355,83.87,76.83,70.07,58.78,4739.5,3485.57,6.156493173185507,20.900293255131963,4.269578579916533,1.3201523798044559
APCDD1,2021-04-28,cVM,pap,pe,2020-06-23,4,2840.62,91.32,96.09,49.39,74.995,78.07,66.2,57.52,44.7,4668.34,2944.4,5.045375218150089,17.51169762137504,3.963120887336172,1.2433282495590736
APCDD1,2021-04-28,cVM,pap,pe,2020-08-17,5,1685.25,93.47,96.72,35.99,73.686,72.97,56.88,45.45,31.0,3164.69,1734.32,2.560866440817165,9.98240469208211,3.0743857343657393,0.9992351724200524
CNTN2,2021-04-28,cVM,pap,pe,2020-08-17,5,1485.68,83.34,88.89,23.72,46.2215,60.26,44.33,32.99,19.4,3806.63,1644.88,2.3772302638332827,8.681850765721732,2.8733884932873948,0.9386123163816733
CORIN,2021-04-28,cVM,pap,pe,2020-06-23,4,222.12,3.05,7.75,0.16,3.047,0.78,0.24,0.16,0.14,3337.58,594.32,0.2202443280977316,0.447507331378299,0.3838649664142461,-0.3491998453736362
CORIN,2021-04-28,cVM,pap,pe,2020-08-17,5,240.06,7.15,13.03,0.51,6.657,2.07,1.16,0.73,0.38,5301.01,673.07,0.38193203983163987,0.5644183773216029,0.46815209879322894,-0.24839885416745863
FOLR1,2021-04-28,cVM,pap,pe,2020-06-23,4,325.07,8.42,15.97,1.36,3.189,4.63,2.64,1.77,1.02,3781.39,925.25,0.8997022892926808,1.1184099055066794,0.8099447710286363,0.04860100486784434
FOLR1,2021-04-28,cVM,pap,pe,2020-08-17,5,318.16,13.41,22.53,1.18,4.975,4.36,2.47,1.7,0.94,5437.95,768.97,0.5788317421209326,1.0733789507983056,0.7850316773305518,0.03075307442243669
TPBG,2021-04-28,cVM,pap,pe,2020-06-23,4,4903.74,68.87,79.42,41.83,50.1805,53.27,46.27,43.71,40.84,10857.05,6106.95,11.53865106251925,30.956598240469205,4.997285917180012,1.4907532308686586
TPBG,2021-04-28,cVM,pap,pe,2020-08-17,5,11117.46,98.7,99.18,92.07,94.373,96.54,95.21,93.72,91.07,11973.29,11208.08,22.01217534134073,71.45004887585532,6.775456186559667,1.8540025302089624
unstained,2021-04-28,cVM,pap,pe,2020-06-23,4,153.45000000000002,0.09,0.335,0.0,0.0033333333333333,0.005,0.005,0.0,0.0,,487.0499999999999,0.0,0.0,0.0,-inf
unstained,2021-04-28,cVM,pap,pe,2020-08-17,5,150.195,0.25,1.14,0.0,0.0098333333333333,0.0249999999999999,0.0,0.0,0.0,,372.325,-0.2355507648085411,-0.021212121212121366,-0.02139442809285847,
IAP,2021-04-28,cVM,pap,pe_cy7,2020-06-23,4,31453.91,100.0,100.0,99.93,99.894,100.0,99.99,99.94,99.85,31474.39,31453.91,50.6493045862822,232.92763647181317,9.88628436749201,2.367221019900714
IAP,2021-04-28,cVM,pap,pe_cy7,2020-08-17,5,37051.82,100.0,100.0,99.9,99.9945,100.0,99.99,99.97,99.85,37082.15,37051.82,59.84142596758568,274.5601665922951,10.382017179488786,2.4386375296814777
unstained,2021-04-28,cVM,pap,pe_cy7,2020-06-23,4,134.46,0.13,0.86,0.0,0.0033333333333333,0.0,0.0,0.0,0.0,,608.99,0.0,0.0,0.0,-inf
unstained,2021-04-28,cVM,pap,pe_cy7,2020-08-17,5,152.24,0.2,1.31,0.0,0.0098333333333333,0.0,0.0,0.0,0.0,,585.93,-0.03786597481075232,0.13223263424066636,0.12574666745618515,-0.87866135028451
LRTM1,2021-04-28,cVM,tryp,af488,2020-06-23,4,175.75,0.7,2.17,0.03,0.0925,0.18,0.12,0.03,0.03,2728.12,538.57,0.30230927336476854,0.2120689655172414,0.1960757129213903,-0.6735228821235394
LRTM1,2021-04-28,cVM,tryp,af488,2020-08-17,5,189.08,1.2,5.16,0.02,0.073,0.24,0.05,0.03,0.0,1875.01,425.89,0.02983919719501868,0.3040000000000001,0.2726084657424066,-0.5171264163912461
unstained,2021-04-28,cVM,tryp,af488,2020-06-23,4,145.0,0.04,0.64,0.0,0.0033333333333333,0.01,0.0,0.0,0.0,,413.55,0.0,0.0,0.0,-inf
unstained,2021-04-28,cVM,tryp,af488,2020-08-17,5,160.51,0.29,1.3,0.0,0.0098333333333333,0.0,0.0,0.0,0.0,,394.1000000000001,-0.047031797847902145,0.10696551724137925,0.10266224898217437,-0.9707562044213702
ALCAM,2021-04-28,cVM,tryp,pe,2020-06-23,4,1845.31,78.59,87.27,31.0,40.5775,60.96,48.53,39.23,26.54,3986.21,2076.03,2.990370199515627,10.950715627226215,3.2119970898238694,1.0394425011670132
ALCAM,2021-04-28,cVM,tryp,pe,2020-08-17,5,4403.14,97.89,98.85,77.17,77.7355,92.86,88.03,82.96,73.38,5381.38,4451.53,7.5563564371660314,27.51589922932453,4.772089110517746,1.4395837102764577
APCDD1,2021-04-28,cVM,tryp,pe,2020-06-23,4,7208.97,98.77,99.42,80.1,74.995,95.91,91.04,85.84,76.56,8607.24,7249.14,12.93368700265252,45.687196425102,5.784737115729808,1.6597945085817483
APCDD1,2021-04-28,cVM,tryp,pe,2020-08-17,5,11817.37,99.93,99.97,95.38,73.686,99.3,98.54,97.36,93.89,12296.52,11820.69,21.720735785953178,75.53241370377567,6.905265537119109,1.8781333631756734
CNTN2,2021-04-28,cVM,tryp,pe,2020-06-23,4,2096.05,88.06,93.96,31.8,49.339,70.72,54.76,42.54,26.27,4365.36,2213.9,3.2553723138430786,12.574574185609741,3.423939660447893,1.0994932874081953
CNTN2,2021-04-28,cVM,tryp,pe,2020-08-17,5,2248.5,92.21,95.38,36.95,46.2215,75.17,61.02,48.55,31.47,4507.28,2346.19,3.5096490216430247,13.561880707208084,3.543060818177055,1.1323199199238165
CORIN,2021-04-28,cVM,tryp,pe,2020-06-23,4,563.51,32.65,50.57,2.82,3.047,13.14,7.14,4.28,2.27,3956.51,872.16,0.676392572944297,2.6494398031215596,1.47761668948041,0.42315405652854177
CORIN,2021-04-28,cVM,tryp,pe,2020-08-17,5,718.0,51.92,65.93,7.59,6.657,23.34,14.86,10.6,6.47,3693.94,974.04,0.8722177372852035,3.6499579042808112,1.799231191910884,0.5622878556773022
FOLR1,2021-04-28,cVM,tryp,pe,2020-06-23,4,366.91,10.4,22.07,1.24,3.189,4.44,2.9,1.92,0.94,4637.05,848.28,0.6304924460846499,1.3762062042613823,0.9449311519443055,0.13868351141649843
FOLR1,2021-04-28,cVM,tryp,pe,2020-08-17,5,449.64,25.1,39.03,1.73,4.975,6.71,3.73,2.57,1.37,7632.3,826.38,0.5883981086379887,1.911987565572178,1.1916715119607302,0.28148506355674
TPBG,2021-04-28,cVM,tryp,pe,2020-06-23,4,4626.85,82.29,90.64,47.31,50.1805,64.34,54.96,50.32,45.92,8901.21,5075.25,8.755218544573866,28.964704358526006,4.8694284696783185,1.461869100032865
TPBG,2021-04-28,cVM,tryp,pe,2020-08-17,5,7076.51,99.33,99.58,92.08,94.373,97.35,95.73,93.82,91.06,7591.13,7105.42,12.657440510513974,44.82935043067159,5.744810108873641,1.6515624460614475
unstained,2021-04-28,cVM,tryp,pe,2020-06-23,4,154.41,0.11,0.33,0.0,0.0033333333333333,0.025,0.005,0.0,0.0,,520.26,0.0,0.0,0.0,-inf
unstained,2021-04-28,cVM,tryp,pe,2020-08-17,5,158.68,0.33,1.4400000000000002,0.0,0.0098333333333333,0.025,0.02,0.0,0.0,,380.055,-0.2694902548725637,0.027653649375040543,0.027352738799157242,-1.558247547944807
IAP,2021-04-28,cVM,tryp,pe_cy7,2020-06-23,4,35210.4,100.0,100.0,99.91,99.894,99.97,99.95,99.92,99.85,35240.57,35210.4,56.23034913204604,239.50819672131146,9.96911003294691,2.37932038092353
IAP,2021-04-28,cVM,tryp,pe_cy7,2020-08-17,5,43933.77,100.0,100.0,100.0,99.9945,100.0,100.0,100.0,99.98,43933.77,43933.77,70.40915740198946,299.0940573770491,10.64665416030497,2.4758077842316037
unstained,2021-04-28,cVM,tryp,pe_cy7,2020-06-23,4,146.4,0.15,1.04,0.0,0.0033333333333333,0.0,0.0,0.0,0.0,,615.24,0.0,0.0,0.0,-inf
unstained,2021-04-28,cVM,tryp,pe_cy7,2020-08-17,5,163.0,0.36,2.19,0.0,0.0098333333333333,0.03,0.0,0.0,0.0,,589.72,-0.04147974774071904,0.11338797814207646,0.10856954371331579,-0.9454329886823181
LRTM1,2021-04-28,rVM,pap,af488,2020-06-23,4,166.32,0.76,3.4,0.0,0.293,0.12,0.03,0.0,0.0,,457.77,0.035374211204849355,0.06084959816303095,0.059420400546111425,-1.2157422854068745
unstained,2021-04-28,rVM,pap,af488,2020-06-23,4,156.78,0.3899999999999999,2.39,0.0,0.0148333333333333,0.08,0.0,0.0,0.0,,442.12999999999994,0.0,0.0,0.0,-inf
ALCAM,2021-04-28,rVM,pap,pe,2020-06-23,4,4591.52,85.1,88.55,70.15,73.2945,80.44,77.25,74.34,67.62,6147.49,5116.68,9.987191187365122,23.9356178890488,4.513362185316604,1.3790446431127519
APCDD1,2021-04-28,rVM,pap,pe,2020-06-23,4,713.64,57.05,77.55,3.68,26.905,23.45,11.2,6.61,2.59,2809.72,840.76,0.8053876464209407,2.8756347245227687,1.5559943710614694,0.45873371926331574
CNTN2,2021-04-28,rVM,pap,pe,2020-06-23,4,3967.96,89.11,94.09,44.84,74.3885,75.85,63.7,53.33,40.24,7490.69,4201.05,8.021033079590719,20.549189453390177,4.239664293564327,1.3127946961457924
CORIN,2021-04-28,rVM,pap,pe,2020-06-23,4,2146.2,78.47,81.43,45.74,72.8625,71.48,63.49,55.14,40.37,3636.11,2591.53,4.564865416205886,10.655578787302794,3.1710294016193576,1.0275770445997192
FOLR1,2021-04-28,rVM,pap,pe,2020-06-23,4,555.345,31.769999999999996,50.07,2.34,6.9025,12.48,6.585,3.78,1.785,4448.3150000000005,864.06,0.8554203931757909,2.015966546283977,1.2352706354421008,0.3044833209853849
TPBG,2021-04-28,rVM,pap,pe,2020-06-23,4,1273.89,38.93,57.95,9.73,14.7175,19.08,13.55,11.18,9.2,8584.34,2011.47,3.3192862281106734,5.918239335270319,2.3615475355541626,0.7721925241712642
unstained,2021-04-28,rVM,pap,pe,2020-06-23,4,184.135,0.4949999999999999,2.61,0.0,0.0148333333333333,0.06,0.02,0.0,0.0,,465.695,0.0,0.0,0.0,-inf
IAP,2021-04-28,rVM,pap,pe_cy7,2020-06-23,4,85092.51,100.0,100.0,99.82,99.884,100.0,100.0,100.0,99.69,85157.26,85092.51,134.42430849540057,516.1853765270771,12.446135919886107,2.71280569686892
unstained,2021-04-28,rVM,pap,pe_cy7,2020-06-23,4,164.53,0.36,1.55,0.0,0.0148333333333333,0.0,0.0,0.0,0.0,,628.34,0.0,0.0,0.0,-inf
LRTM1,2021-04-28,rVM,tryp,af488,2020-06-23,4,223.23,3.93,11.71,0.01,0.293,0.82,0.21,0.06,0.01,2622.88,506.88,0.14912718204488756,0.5224033281047534,0.43846013322182187,-0.2819940649394803
unstained,2021-04-28,rVM,tryp,af488,2020-06-23,4,146.63,0.33,1.82,0.0,0.0148333333333333,0.03,0.0,0.0,0.0,,441.1000000000001,0.0,0.0,0.0,-inf
ALCAM,2021-04-28,rVM,tryp,pe,2020-06-23,4,5533.94,88.69,92.11,73.15,73.2945,82.64,78.71,75.99,71.23,7252.44,5987.36,11.657864972569579,30.539610167559555,4.971058598658053,1.4848634890675438
APCDD1,2021-04-28,rVM,tryp,pe,2020-06-23,4,2133.77,92.68,97.18,27.85,26.905,73.92,54.32,39.2,22.94,4779.46,2187.1,3.6237434330835177,11.161005357346403,3.2406961332282678,1.0477033165981895
CNTN2,2021-04-28,rVM,tryp,pe,2020-06-23,4,16299.66,98.64,99.24,86.79,74.3885,96.26,93.36,90.53,84.4,18270.75,16229.56,33.310878090546815,91.89672859911092,7.375708986232059,1.9633000513573589
CORIN,2021-04-28,rVM,tryp,pe,2020-06-23,4,26166.59,99.09,99.63,88.45,72.8625,96.63,94.01,91.06,86.97,29319.88,26261.83,54.52007864444046,148.13136897298529,8.604538225446642,2.1706470364367725
FOLR1,2021-04-28,rVM,tryp,pe,2020-06-23,4,577.35,32.43,51.12,2.77,6.9025,12.54,6.68,4.38,2.04,4559.93,897.95,0.8983541748147523,2.290493559785706,1.3448624774685225,0.35992907500166266
TPBG,2021-04-28,rVM,tryp,pe,2020-06-23,4,1273.46,40.6,59.46,11.81,14.7175,22.17,16.25,13.67,11.17,6999.68,1962.41,3.1487267845628573,6.257836543941639,2.4324404963039914,0.7964242150915289
unstained,2021-04-28,rVM,tryp,pe,2020-06-23,4,175.46,0.55,2.1649999999999996,0.0,0.0148333333333333,0.015,0.0,0.0,0.0,,473.015,0.0,0.0,0.0,-inf
IAP,2021-04-28,rVM,tryp,pe_cy7,2020-06-23,4,82253.66,99.98,99.98,99.87,99.884,99.96,99.96,99.93,99.82,82302.9,82213.42,136.8240431845233,468.10950153986545,12.109008821112983,2.6703474563901084
unstained,2021-04-28,rVM,tryp,pe_cy7,2020-06-23,4,175.34,0.3,2.78,0.0,0.0148333333333333,0.0,0.0,0.0,0.0,,596.51,0.0,0.0,0.0,-inf
LRTM1,2021-04-29,dHB,acc,af488,2020-08-17,5,162.67,5.98,11.01,0.33,2.3915,2.08,0.95,0.56,0.21,2232.94,506.85,0.6541022126493049,0.5823929961089493,0.48066017495088914,-0.23478385651357214
LRTM1,2021-04-29,dHB,acc,af488,2020-09-07,6,224.22,7.63,17.22,0.77,0.696,4.04,2.41,1.43,0.52,2433.89,617.7,1.0158605835128256,1.1811284046692607,0.8439467642457222,0.07229711387767321
unstained,2021-04-29,dHB,acc,af488,2020-08-17,5,102.8,0.13,1.54,0.0,0.0133333333333333,0.0,0.0,0.0,0.0,,306.42,0.0,0.0,0.0,-inf
unstained,2021-04-29,dHB,acc,af488,2020-09-07,6,107.37,0.22,1.24,0.0,0.0,0.06,0.0,0.0,0.0,,376.46,0.22857515827948555,0.04445525291828801,0.04368519570857249,-1.352076914589406
ALCAM,2021-04-29,dHB,acc,pe,2020-08-17,5,167.08,5.18,7.02,0.05,0.647,0.47,0.14,0.07,0.02,2097.28,476.34,0.3145672061928218,0.39693156640608673,0.3457055146697485,-0.40128436198765516
ALCAM,2021-04-29,dHB,acc,pe,2020-09-07,6,272.45,11.43,21.4,0.03,1.302,1.09,0.25,0.08,0.03,2939.67,525.74,0.4508976004194781,1.2779148028928553,0.8949143540419935,0.10650190087490526
APCDD1,2021-04-29,dHB,acc,pe,2020-08-17,5,315.63,19.19,23.34,2.01,0.6345000000000001,5.2,3.4,2.49,1.69,3104.74,762.24,1.1035724634681459,1.6389364993102293,1.0709379258656482,0.2145621271315649
APCDD1,2021-04-29,dHB,acc,pe,2020-09-07,6,252.94,7.22,14.06,0.34,4.1445,1.88,0.96,0.58,0.21,2726.75,626.07,0.7277807674794056,1.1147945320011703,0.807960313313191,0.04719482985868432
CNTN2,2021-04-29,dHB,acc,pe,2020-08-17,5,3726.3,96.59,97.3,59.68,57.806,86.1,76.27,68.36,54.58,5506.33,3823.97,9.553104000220777,30.155052046319135,4.946623986384935,1.4793600823811615
CNTN2,2021-04-29,dHB,acc,pe,2020-09-07,6,8909.99,99.14,99.51,86.34,69.60499999999999,97.05,94.18,90.78,83.13,10050.06,8953.05,23.70795214637579,73.4951298022658,6.841196294368019,1.8662585612599858
CORIN,2021-04-29,dHB,acc,pe,2020-08-17,5,284.3,21.43,27.9,0.43,1.916,2.29,1.1,0.67,0.37,3300.69,514.26,0.41921596224696767,1.3769909284728898,0.9453237538384155,0.13893107916241124
CORIN,2021-04-29,dHB,acc,pe,2020-09-07,6,370.06,18.66,30.59,1.01,3.0105000000000004,4.34,2.09,1.47,0.76,4691.66,723.01,0.9953084682148721,2.0940178086200407,1.2672146032374976,0.32098037082540526
FOLR1,2021-04-29,dHB,acc,pe,2020-08-17,5,298.6,10.04,12.38,0.82,2.244,2.94,1.68,0.94,0.7,11258.63,1277.91,2.5266796373721903,1.4965511475272772,1.0039642543999296,0.175091564282971
FOLR1,2021-04-29,dHB,acc,pe,2020-09-07,6,328.18,7.07,12.22,1.4,2.4475,2.67,2.15,1.75,1.15,7321.48,1374.28,2.792634295097349,1.7438652230257932,1.1184661178437985,0.2415129168591492
TPBG,2021-04-29,dHB,acc,pe,2020-08-17,5,147.13,0.81,1.54,0.0,0.105,0.05,0.02,0.0,0.0,,394.24,0.08799381821694192,0.23013251954349725,0.21147170604220167,-0.6380220077529212
TPBG,2021-04-29,dHB,acc,pe,2020-09-07,6,160.26,0.61,1.8,0.0,0.2174999999999999,0.08,0.03,0.0,0.0,,478.56,0.32069379475928295,0.33991053885707107,0.3013339754596335,-0.46863536999617883
unstained,2021-04-29,dHB,acc,pe,2020-08-17,5,119.605,0.18,0.38,0.0,0.0133333333333333,0.0,0.0,0.0,0.0,,362.355,0.0,0.0,0.0,-inf
unstained,2021-04-29,dHB,acc,pe,2020-09-07,6,135.995,0.1949999999999999,0.7600000000000001,0.015,0.0,0.025,0.025,0.015,0.015,4544.34,529.615,0.4615915331649901,0.13703440491618243,0.13008694392411763,-0.8631703818262113
IAP,2021-04-29,dHB,acc,pe_cy7,2020-08-17,5,18978.2,99.94,100.0,99.47,100.0,99.85,99.7,99.62,99.06,19066.66,18978.2,32.35653396607786,147.8486274509804,8.599375678745453,2.169817297118936
IAP,2021-04-29,dHB,acc,pe_cy7,2020-09-07,6,19487.49,100.0,100.0,99.94,99.8415,100.0,100.0,100.0,99.81,19496.71,19487.49,33.25167413656736,151.84305882352942,8.671593862105935,2.181394943876681
unstained,2021-04-29,dHB,acc,pe_cy7,2020-08-17,5,127.5,0.14,2.21,0.0,0.0133333333333333,0.0,0.0,0.0,0.0,,568.95,0.0,0.0,0.0,-inf
unstained,2021-04-29,dHB,acc,pe_cy7,2020-09-07,6,170.25,0.23,1.7700000000000002,0.0,0.0,0.0,0.0,0.0,0.0,,617.46,0.08526232533614551,0.3352941176470588,0.2976759718873053,-0.4745740657057826
LRTM1,2021-04-29,dHB,pap,af488,2020-08-17,5,123.51,1.71,4.72,0.0,2.3915,0.21,0.04,0.03,0.0,1427.84,370.43,0.14741048197249423,0.17718261532596266,0.1658140875328861,-0.7515788921464173
LRTM1,2021-04-29,dHB,pap,af488,2020-09-07,6,118.89,0.67,3.69,0.0,0.696,0.11,0.03,0.02,0.0,,387.96,0.20170982530045847,0.13314906595501333,0.12657615718618898,-0.8756618758041341
unstained,2021-04-29,dHB,pap,af488,2020-08-17,5,104.92,0.21,1.81,0.0,0.0133333333333333,0.03,0.02,0.0,0.0,,322.84,0.0,0.0,0.0,-inf
unstained,2021-04-29,dHB,pap,af488,2020-09-07,6,108.12,0.21,1.61,0.0,0.0,0.02,0.02,0.0,0.0,,369.47,0.14443687275430572,0.03049942813572248,0.030134009055067846,-1.5157083035984096
ALCAM,2021-04-29,dHB,pap,pe,2020-08-17,5,214.27,5.97,7.98,0.11,0.647,0.68,0.23,0.14,0.09,36137.18,947.05,1.040858106433643,0.6760139231100163,0.544029452137766,-0.17004435928383496
ALCAM,2021-04-29,dHB,pap,pe,2020-09-07,6,406.2,8.21,15.67,0.18,1.302,1.23,0.5,0.34,0.13,30199.35,973.43,1.0977060414399464,2.1772849935468734,1.300590276776779,0.337915279304752
APCDD1,2021-04-29,dHB,pap,pe,2020-08-17,5,181.89,5.48,7.83,0.03,0.6345000000000001,0.52,0.17,0.11,0.02,2355.53,460.7,-0.0072083526382140245,0.42273847236888423,0.36531246440963966,-0.37392822632002976
APCDD1,2021-04-29,dHB,pap,pe,2020-09-07,6,178.83,1.71,3.93,0.02,4.1445,0.25,0.03,0.02,0.02,2475.09,516.39,0.11280156019351564,0.39880323829637476,0.34713723101359395,-0.39924132385953837
CNTN2,2021-04-29,dHB,pap,pe,2020-08-17,5,1131.88,75.88,79.55,15.43,57.806,43.17,30.09,21.4,12.36,3675.57,1368.46,1.948981241043433,7.853533575814464,2.733807038611381,0.8950651047947122
CNTN2,2021-04-29,dHB,pap,pe,2020-09-07,6,992.34,61.4,72.3,7.73,69.60499999999999,31.47,18.8,12.03,6.01,4798.77,1281.57,1.7617364695234294,6.762055614220346,2.53295467529284,0.8300787382797485
CORIN,2021-04-29,dHB,pap,pe,2020-08-17,5,199.45,4.52,6.28,0.33,1.916,0.8,0.54,0.42,0.29,7001.92,838.18,0.8062472389531186,0.5600922992686457,0.4651245375515541,-0.25174039842235857
CORIN,2021-04-29,dHB,pap,pe,2020-09-07,6,199.35,3.16,6.21,0.24,3.0105000000000004,0.93,0.59,0.42,0.14,2980.28,668.23,0.44001120580978137,0.5593101020767337,0.46457640810493595,-0.2523473365155562
FOLR1,2021-04-29,dHB,pap,pe,2020-08-17,5,226.35,8.63,10.61,0.54,2.244,2.38,1.22,0.79,0.42,4708.63,779.12,0.6789750993976876,0.7705033438929956,0.6051773010492026,-0.11322547215500409
FOLR1,2021-04-29,dHB,pap,pe,2020-09-07,6,227.69,4.58,7.47,0.51,2.4475,1.57,0.92,0.72,0.5,5109.96,949.58,1.0463101638849681,0.7809847862646175,0.6117982106959122,-0.10735742618118942
TPBG,2021-04-29,dHB,pap,pe,2020-08-17,5,176.73,4.24,6.39,0.0,0.105,0.11,0.02,0.0,0.0,,406.15,-0.12476160717171834,0.3823770972662209,0.3345195408245412,-0.417508127977454
TPBG,2021-04-29,dHB,pap,pe,2020-09-07,6,171.53,0.75,2.43,0.0,0.2174999999999999,0.07,0.04,0.0,0.0,,471.08,0.015160167656153968,0.3417028432867928,0.30275146182405865,-0.46635140745049936
unstained,2021-04-29,dHB,pap,pe,2020-08-17,5,127.84499999999998,0.25,0.545,0.005,0.0133333333333333,0.015,0.005,0.005,0.005,7639.759999999999,464.045,0.0,0.0,0.0,-inf
unstained,2021-04-29,dHB,pap,pe,2020-09-07,6,137.29,0.22,0.815,0.015,0.0,0.04,0.025,0.015,0.01,2367.84,497.27,0.071598659612753,0.07387852477609612,0.07178734641609291,-1.1314817852404269
IAP,2021-04-29,dHB,pap,pe_cy7,2020-08-17,5,22009.38,100.0,100.0,99.9,100.0,100.0,100.0,99.96,99.76,22023.9,22009.38,35.923533753858536,176.62392058752323,9.088679665700763,2.2470495207345214
IAP,2021-04-29,dHB,pap,pe_cy7,2020-09-07,6,22814.5,100.0,100.0,99.93,99.8415,100.0,100.0,100.0,99.84,22827.51,22814.5,37.274224936250164,183.12153982729401,9.19027866140729,2.2627394315651608
unstained,2021-04-29,dHB,pap,pe_cy7,2020-08-17,5,123.91,0.34,1.91,0.0,0.0133333333333333,0.0,0.0,0.0,0.0,,596.08,0.0,0.0,0.0,-inf
unstained,2021-04-29,dHB,pap,pe_cy7,2020-09-07,6,136.08,0.21,1.29,0.0,0.0,0.0,0.0,0.0,0.0,,637.77,0.06994027647295654,0.09821644742151575,0.09457069428784347,-1.0078157787478412
